link,injected_rtt_ms,mbit,shape,rows_per_fetch,run,started_epoch_s,machine_state,ok,rows,fetches,capped,execute_ms,first_fetch_ms,fetch_p50_ms,fetch_p90_ms,fetch_max_ms,fetch_mean_ms,steady_mean_ms,total_ms,rows_per_s,ms_per_100k_rows,cpu_ms,cpu_over_wall,cpu_ms_per_fetch,ping_p50_ms,ping_min_ms,ws_before_kib,peak_ws_growth_kib,peak_private_growth_kib,peak_is_bound,wire_to_client_bytes,wire_to_server_bytes,wire_to_client_packets,wire_data_packets,largest_packet,accepted_sdu,accepted_version,framing_lost,wire_bytes_per_row,wire_bytes_per_fetch,packets_per_fetch,connections
direct,0.0,0,numbers10,50,1,1790396869,cargo=4 rustc=0 cl=0 link=0 clippy-driver=0 ninja=0,1,100000,2000,0,1.726,1.263,1.069,1.433,2.263,1.128,1.128,2260.1,44245,2260.1,531.2,0.235,0.266,0.709,0.691,7548,332,200,0,,,,,,,,,,,,1
direct,0.0,0,numbers10,100,1,1790396873,cargo=4 rustc=0 cl=0 link=0 clippy-driver=0 ninja=0,1,100000,1000,0,1.640,1.591,1.383,1.880,3.680,1.463,1.463,1465.6,68232,1465.6,453.1,0.309,0.453,0.729,0.689,7640,492,396,0,,,,,,,,,,,,1
direct,0.0,0,numbers10,250,1,1790396876,cargo=4 rustc=0 cl=0 link=0 clippy-driver=0 ninja=0,1,100000,400,0,1.784,3.823,2.623,3.271,4.582,2.694,2.692,1080.0,92596,1080.0,484.4,0.449,1.211,0.812,0.770,7596,980,1108,0,,,,,,,,,,,,1
direct,0.0,0,numbers10,500,1,1790396879,cargo=4 rustc=0 cl=0 link=0 clippy-driver=0 ninja=0,1,100000,200,0,1.545,4.475,4.475,5.264,6.381,4.539,4.539,909.5,109950,909.5,593.8,0.653,2.969,0.677,0.650,7596,1272,1532,0,,,,,,,,,,,,1
direct,0.0,0,numbers10,1000,1,1790396881,cargo=4 rustc=0 cl=0 link=0 clippy-driver=0 ninja=0,1,100000,100,0,1.675,10.828,10.223,11.549,15.018,10.421,10.417,1043.9,95791,1043.9,921.9,0.883,9.219,0.802,0.739,7584,1828,2636,0,,,,,,,,,,,,1
direct,0.0,0,numbers10,2000,1,1790396884,cargo=4 rustc=0 cl=0 link=0 clippy-driver=0 ninja=0,1,100000,50,0,1.876,35.032,27.900,30.101,35.032,28.066,27.923,1405.2,71164,1405.2,1343.8,0.956,26.875,0.833,0.779,7600,3188,4756,0,,,,,,,,,,,,1
direct,0.0,0,numbers10,5000,1,1790396887,cargo=4 rustc=0 cl=0 link=0 clippy-driver=0 ninja=0,1,100000,20,0,1.759,157.382,148.603,157.382,164.937,149.864,149.469,2999.1,33344,2999.1,2906.2,0.969,145.312,0.701,0.663,7588,7580,9912,0,,,,,,,,,,,,1
direct,0.0,0,numbers10,10000,1,1790396891,cargo=4 rustc=0 cl=0 link=0 clippy-driver=0 ninja=0,1,100000,10,0,1.758,621.982,562.745,591.789,621.982,568.483,562.539,5686.6,17585,5686.6,5453.1,0.959,545.312,0.757,0.725,7596,16168,20436,0,,,,,,,,,,,,1
direct,0.0,0,numbers10,20000,1,1790396899,cargo=4 rustc=0 cl=0 link=0 clippy-driver=0 ninja=0,1,100000,5,0,1.745,2330.593,2122.976,2330.593,2330.593,2088.344,2027.781,10443.5,9575,10443.5,9968.8,0.955,1993.750,0.825,0.750,7584,32456,40336,0,,,,,,,,,,,,1
direct,0.0,0,numbers10,50,2,1790396911,cargo=4 rustc=0 cl=0 link=0 clippy-driver=0 ninja=0,1,100000,2000,0,1.523,1.235,1.036,1.331,5.926,1.089,1.089,2182.0,45830,2182.0,437.5,0.201,0.219,0.800,0.763,7592,340,216,0,,,,,,,,,,,,1
direct,0.0,0,numbers10,100,2,1790396914,cargo=4 rustc=0 cl=0 link=0 clippy-driver=0 ninja=0,1,100000,1000,0,1.696,1.820,1.548,2.224,8.577,1.667,1.667,1669.8,59888,1669.8,437.5,0.262,0.438,0.761,0.689,7588,540,480,0,,,,,,,,,,,,1
direct,0.0,0,numbers10,250,2,1790396918,cargo=4 rustc=0 cl=0 link=0 clippy-driver=0 ninja=0,1,100000,400,0,1.739,3.061,2.480,3.095,4.063,2.577,2.576,1033.0,96810,1033.0,453.1,0.439,1.133,1.017,0.770,7596,900,1116,0,,,,,,,,,,,,1
direct,0.0,0,numbers10,500,2,1790396920,cargo=4 rustc=0 cl=0 link=0 clippy-driver=0 ninja=0,1,100000,200,0,1.947,4.306,4.521,5.524,6.515,4.645,4.646,931.1,107403,931.1,640.6,0.688,3.203,0.797,0.766,7584,1284,1596,0,,,,,,,,,,,,1
direct,0.0,0,numbers10,1000,2,1790396923,cargo=4 rustc=0 cl=0 link=0 clippy-driver=0 ninja=0,1,100000,100,0,1.642,13.477,10.202,12.774,14.455,10.579,10.550,1059.6,94373,1059.6,906.2,0.855,9.062,0.841,0.718,7588,1868,2656,0,,,,,,,,,,,,1
direct,0.0,0,numbers10,2000,2,1790396925,cargo=4 rustc=0 cl=0 link=0 clippy-driver=0 ninja=0,1,100000,50,0,2.238,36.501,28.866,32.076,36.501,29.015,28.862,1453.0,68821,1453.0,1343.8,0.925,26.875,0.891,0.806,7644,3248,4508,0,,,,,,,,,,,,1
direct,0.0,0,numbers10,5000,2,1790396928,cargo=4 rustc=0 cl=0 link=0 clippy-driver=0 ninja=0,1,100000,20,0,2.043,165.462,153.900,163.764,165.462,154.362,153.778,3089.3,32370,3089.3,2890.6,0.936,144.531,0.768,0.709,7584,6828,10056,0,,,,,,,,,,,,1
direct,0.0,0,numbers10,10000,2,1790396933,cargo=4 rustc=0 cl=0 link=0 clippy-driver=0 ninja=0,1,100000,10,0,1.568,631.606,557.944,585.799,631.606,562.475,554.794,5626.3,17774,5626.3,5375.0,0.955,537.500,0.902,0.818,7600,15052,17540,0,,,,,,,,,,,,1
direct,0.0,0,numbers10,20000,2,1790396940,cargo=4 rustc=0 cl=0 link=0 clippy-driver=0 ninja=0,1,100000,5,0,2.269,2371.402,2126.376,2371.402,2371.402,2090.231,2019.938,10453.4,9566,10453.4,9796.9,0.937,1959.375,0.765,0.723,7596,31292,39472,0,,,,,,,,,,,,1
direct,0.0,0,numbers10,50,3,1790396952,cargo=4 rustc=0 cl=0 link=0 clippy-driver=0 ninja=0,1,100000,2000,0,2.366,1.697,1.051,1.419,2.225,1.118,1.118,2239.7,44648,2239.7,468.8,0.209,0.234,0.742,0.644,7600,280,148,0,,,,,,,,,,,,1
direct,0.0,0,numbers10,100,3,1790396956,cargo=2 rustc=0 cl=0 link=0 clippy-driver=0 ninja=0,1,100000,1000,0,2.112,2.553,1.394,1.871,3.005,1.475,1.474,1477.6,67678,1477.6,312.5,0.211,0.312,0.810,0.751,7584,500,372,0,,,,,,,,,,,,1
direct,0.0,0,numbers10,250,3,1790396959,cargo=2 rustc=0 cl=0 link=0 clippy-driver=0 ninja=0,1,100000,400,0,1.828,3.159,2.808,3.511,4.487,2.871,2.870,1150.5,86920,1150.5,546.9,0.475,1.367,0.703,0.685,7604,864,1060,0,,,,,,,,,,,,1
direct,0.0,0,numbers10,500,3,1790396962,cargo=2 rustc=0 cl=0 link=0 clippy-driver=0 ninja=0,1,100000,200,0,1.540,4.459,4.471,5.347,6.970,4.580,4.581,917.7,108962,917.7,703.1,0.766,3.516,0.955,0.850,7600,1292,1520,0,,,,,,,,,,,,1
direct,0.0,0,numbers10,1000,3,1790396965,cargo=2 rustc=0 cl=0 link=0 clippy-driver=0 ninja=0,1,100000,100,0,2.036,14.249,10.706,13.534,15.705,11.117,11.085,1113.8,89780,1113.8,937.5,0.842,9.375,0.877,0.811,7592,2096,2568,0,,,,,,,,,,,,1
direct,0.0,0,numbers10,2000,3,1790396967,cargo=2 rustc=0 cl=0 link=0 clippy-driver=0 ninja=0,1,100000,50,0,1.580,30.566,27.701,30.714,36.696,28.340,28.295,1418.6,70490,1418.6,1312.5,0.925,26.250,0.864,0.810,7588,3288,4672,0,,,,,,,,,,,,1
direct,0.0,0,numbers10,5000,3,1790396970,cargo=2 rustc=0 cl=0 link=0 clippy-driver=0 ninja=0,1,100000,20,0,1.426,152.206,146.018,160.697,187.408,149.120,148.957,2983.9,33514,2983.9,2796.9,0.937,139.844,0.711,0.694,7588,6780,11052,0,,,,,,,,,,,,1
direct,0.0,0,numbers10,10000,3,1790396975,cargo=2 rustc=0 cl=0 link=0 clippy-driver=0 ninja=0,1,100000,10,0,1.711,632.335,550.414,574.077,632.335,555.108,546.528,5552.8,18009,5552.8,5343.8,0.962,534.375,1.042,0.843,7580,13864,18068,0,,,,,,,,,,,,1
direct,0.0,0,numbers10,20000,3,1790396982,cargo=2 rustc=0 cl=0 link=0 clippy-driver=0 ninja=0,1,100000,5,0,1.543,2351.599,2186.150,2351.599,2351.599,2127.747,2071.784,10640.3,9398,10640.3,10125.0,0.952,2025.000,0.748,0.672,7600,29596,38344,0,,,,,,,,,,,,1
direct,0.0,0,text5date2,25,1,1790396998,cargo=2 rustc=0 cl=0 link=0 clippy-driver=0 ninja=0,1,100000,4000,0,2.201,1.692,1.214,1.728,13.682,1.324,1.324,5300.0,18868,5300.0,906.2,0.171,0.227,0.825,0.741,7600,456,392,0,,,,,,,,,,,,1
direct,0.0,0,text5date2,50,1,1790397005,cargo=2 rustc=0 cl=0 link=0 clippy-driver=0 ninja=0,1,100000,2000,0,2.192,1.938,1.438,1.880,4.203,1.517,1.517,3038.6,32910,3038.6,468.8,0.154,0.234,0.749,0.697,7592,612,696,0,,,,,,,,,,,,1
direct,0.0,0,text5date2,100,1,1790397009,cargo=2 rustc=0 cl=0 link=0 clippy-driver=0 ninja=0,1,100000,1000,0,1.670,2.896,2.163,2.750,4.028,2.252,2.252,2255.0,44346,2255.0,453.1,0.201,0.453,0.754,0.703,7588,840,880,0,,,,,,,,,,,,1
direct,0.0,0,text5date2,250,1,1790397013,cargo=2 rustc=0 cl=0 link=0 clippy-driver=0 ninja=0,1,100000,400,0,2.041,5.217,4.539,5.508,9.048,4.647,4.646,1861.3,53727,1861.3,843.8,0.453,2.109,1.092,0.968,7604,1244,1268,0,,,,,,,,,,,,1
direct,0.0,0,text5date2,500,1,1790397017,cargo=2 rustc=0 cl=0 link=0 clippy-driver=0 ninja=0,1,100000,200,0,2.650,12.789,9.504,11.895,17.916,9.755,9.739,1953.8,51182,1953.8,1484.4,0.760,7.422,0.881,0.734,7596,2324,2560,0,,,,,,,,,,,,1
direct,0.0,0,text5date2,1000,1,1790397020,cargo=2 rustc=0 cl=0 link=0 clippy-driver=0 ninja=0,1,100000,100,0,1.953,43.779,25.911,35.853,43.779,27.452,27.287,2747.2,36400,2747.2,2390.6,0.870,23.906,0.799,0.746,7588,3656,4144,0,,,,,,,,,,,,1
direct,0.0,0,text5date2,2000,1,1790397025,cargo=2 rustc=0 cl=0 link=0 clippy-driver=0 ninja=0,1,100000,50,0,3.266,172.615,87.755,113.155,172.615,94.179,92.578,4712.3,21221,4712.3,4421.9,0.938,88.438,0.893,0.735,7584,6388,7096,0,,,,,,,,,,,,1
direct,0.0,0,text5date2,5000,1,1790397031,cargo=2 rustc=0 cl=0 link=0 clippy-driver=0 ninja=0,1,80000,16,1,2.181,980.827,611.288,676.647,980.827,625.783,602.114,10014.7,7988,12518.4,9546.9,0.953,596.680,0.758,0.713,7596,13584,15408,0,,,,,,,,,,,,1
direct,0.0,0,text5date2,25,2,1790397043,cargo=2 rustc=0 cl=0 link=0 clippy-driver=0 ninja=0,1,100000,4000,0,1.915,1.785,1.195,1.710,5.790,1.294,1.294,5181.5,19299,5181.5,578.1,0.112,0.145,0.904,0.806,7596,476,416,0,,,,,,,,,,,,1
direct,0.0,0,text5date2,50,2,1790397050,cargo=2 rustc=0 cl=0 link=0 clippy-driver=0 ninja=0,1,100000,2000,0,2.992,3.938,1.439,2.071,7.615,1.581,1.580,3166.9,31576,3166.9,515.6,0.163,0.258,1.039,0.842,7600,628,688,0,,,,,,,,,,,,1
direct,0.0,0,text5date2,100,2,1790397055,cargo=2 rustc=0 cl=0 link=0 clippy-driver=0 ninja=0,1,100000,1000,0,1.893,2.556,2.111,2.589,4.580,2.193,2.192,2195.7,45545,2195.7,531.2,0.242,0.531,0.778,0.700,7592,816,864,0,,,,,,,,,,,,1
direct,0.0,0,text5date2,250,2,1790397058,cargo=2 rustc=0 cl=0 link=0 clippy-driver=0 ninja=0,1,100000,400,0,1.567,6.407,4.466,5.316,7.389,4.546,4.541,1820.2,54938,1820.2,890.6,0.489,2.227,0.729,0.695,7596,1280,1368,0,,,,,,,,,,,,1
direct,0.0,0,text5date2,500,2,1790397062,cargo=2 rustc=0 cl=0 link=0 clippy-driver=0 ninja=0,1,100000,200,0,1.861,11.175,10.068,12.313,24.350,10.226,10.221,2047.2,48846,2047.2,1375.0,0.672,6.875,0.828,0.686,7588,2308,2432,0,,,,,,,,,,,,1
direct,0.0,0,text5date2,1000,2,1790397065,cargo=2 rustc=0 cl=0 link=0 clippy-driver=0 ninja=0,1,100000,100,0,2.967,67.969,24.747,50.637,71.465,28.773,28.377,2880.4,34718,2880.4,2687.5,0.933,26.875,0.880,0.777,7604,3764,3888,0,,,,,,,,,,,,1
direct,0.0,0,text5date2,2000,2,1790397070,cargo=2 rustc=0 cl=0 link=0 clippy-driver=0 ninja=0,1,100000,50,0,1.914,159.175,86.546,113.993,159.175,93.088,91.739,4656.4,21476,4656.4,4375.0,0.940,87.500,1.043,0.785,7656,6616,7432,0,,,,,,,,,,,,1
direct,0.0,0,text5date2,5000,2,1790397077,cargo=2 rustc=0 cl=0 link=0 clippy-driver=0 ninja=0,1,70000,14,1,2.247,1113.840,750.492,910.467,1113.840,747.948,719.803,10473.5,6684,14962.2,9828.1,0.938,702.009,1.204,1.044,7580,13252,14828,0,,,,,,,,,,,,1
direct,0.0,0,text5date2,25,3,1790397089,cargo=4 rustc=1 cl=0 link=0 clippy-driver=0 ninja=0,1,100000,4000,0,2.122,1.921,1.340,1.856,34.924,1.429,1.429,5721.3,17479,5721.3,718.8,0.126,0.180,0.813,0.761,7588,440,336,0,,,,,,,,,,,,1
direct,0.0,0,text5date2,50,3,1790397096,cargo=4 rustc=1 cl=0 link=0 clippy-driver=0 ninja=0,1,100000,2000,0,1.821,2.112,1.724,2.155,4.430,1.768,1.768,3539.9,28249,3539.9,578.1,0.163,0.289,0.900,0.857,7588,644,712,0,,,,,,,,,,,,1
direct,0.0,0,text5date2,100,3,1790397101,cargo=4 rustc=1 cl=0 link=0 clippy-driver=0 ninja=0,1,100000,1000,0,1.930,2.793,2.425,3.150,5.293,2.499,2.499,2502.1,39966,2502.1,531.2,0.212,0.531,0.924,0.727,7588,776,824,0,,,,,,,,,,,,1
direct,0.0,0,text5date2,250,3,1790397106,cargo=4 rustc=1 cl=0 link=0 clippy-driver=0 ninja=0,1,100000,400,0,2.044,5.868,4.623,5.542,7.105,4.669,4.666,1869.9,53478,1869.9,734.4,0.393,1.836,0.746,0.685,7600,1320,1392,0,,,,,,,,,,,,1
direct,0.0,0,text5date2,500,3,1790397109,cargo=4 rustc=1 cl=0 link=0 clippy-driver=0 ninja=0,1,100000,200,0,1.684,15.070,10.097,13.226,19.801,10.437,10.414,2089.3,47864,2089.3,1687.5,0.808,8.438,0.799,0.760,7584,2480,2572,0,,,,,,,,,,,,1
direct,0.0,0,text5date2,1000,3,1790397113,cargo=4 rustc=1 cl=0 link=0 clippy-driver=0 ninja=0,1,100000,100,0,2.194,61.281,29.948,45.924,61.281,31.635,31.336,3165.9,31587,3165.9,2812.5,0.888,28.125,0.817,0.745,7592,3612,4100,0,,,,,,,,,,,,1
direct,0.0,0,text5date2,2000,3,1790397118,cargo=4 rustc=1 cl=0 link=0 clippy-driver=0 ninja=0,1,100000,50,0,1.845,160.638,94.755,123.704,160.638,98.952,97.693,4949.5,20204,4949.5,4703.1,0.950,94.062,0.704,0.666,7596,6724,7640,0,,,,,,,,,,,,1
direct,0.0,0,text5date2,5000,3,1790397125,cargo=4 rustc=0 cl=0 link=0 clippy-driver=0 ninja=0,1,70000,14,1,2.149,1088.988,685.570,807.986,1088.988,716.904,688.283,10038.8,6973,14341.2,9390.6,0.935,670.759,0.885,0.775,7600,13136,14460,0,,,,,,,,,,,,1
direct,0.0,0,wide4k,1,1,1790397175,cargo=4 rustc=0 cl=0 link=0 clippy-driver=0 ninja=0,1,2000,2000,0,1.754,1.371,1.298,1.666,4.521,1.358,1.358,2719.6,735,135979.1,218.8,0.080,0.109,0.721,0.659,7584,376,284,0,,,,,,,,,,,,1
direct,0.0,0,wide4k,2,1,1790397180,cargo=4 rustc=0 cl=0 link=0 clippy-driver=0 ninja=0,1,2000,1000,0,1.701,3.083,1.795,2.343,4.785,1.878,1.877,1880.4,1064,94019.7,109.4,0.058,0.109,0.770,0.681,7588,516,552,0,,,,,,,,,,,,1
direct,0.0,0,wide4k,5,1,1790397183,cargo=4 rustc=0 cl=0 link=0 clippy-driver=0 ninja=0,1,2000,400,0,2.315,3.837,3.206,3.888,5.579,3.303,3.302,1323.9,1511,66193.3,218.8,0.165,0.547,0.760,0.733,7584,900,1004,0,,,,,,,,,,,,1
direct,0.0,0,wide4k,10,1,1790397186,cargo=4 rustc=0 cl=0 link=0 clippy-driver=0 ninja=0,1,2000,200,0,1.903,5.012,5.464,6.631,9.737,5.618,5.621,1125.6,1777,56281.6,312.5,0.278,1.562,0.750,0.664,7596,1740,1932,0,,,,,,,,,,,,1
direct,0.0,0,wide4k,25,1,1790397189,cargo=4 rustc=0 cl=0 link=0 clippy-driver=0 ninja=0,1,2000,80,0,2.861,23.564,14.023,17.046,23.564,14.533,14.419,1165.6,1716,58279.4,578.1,0.496,7.227,0.919,0.831,7584,3268,4076,0,,,,,,,,,,,,1
direct,0.0,0,wide4k,50,1,1790397192,cargo=4 rustc=0 cl=0 link=0 clippy-driver=0 ninja=0,1,2000,40,0,2.254,60.629,28.718,49.217,60.629,32.252,31.525,1292.4,1548,64619.8,1015.6,0.786,25.391,0.706,0.675,7584,5192,6188,0,,,,,,,,,,,,1
direct,0.0,0,wide4k,100,1,1790397195,cargo=4 rustc=0 cl=0 link=0 clippy-driver=0 ninja=0,1,2000,20,0,1.577,217.982,130.682,193.883,217.982,138.724,134.552,2776.1,720,138804.0,2546.9,0.917,127.344,0.758,0.669,7592,10268,11368,0,,,,,,,,,,,,1
direct,0.0,0,wide4k,250,1,1790397199,cargo=4 rustc=0 cl=0 link=0 clippy-driver=0 ninja=0,1,2000,8,0,1.619,1275.794,874.099,1215.266,1275.794,945.707,898.552,7567.3,264,378364.7,7203.1,0.952,900.391,0.695,0.643,7580,20068,23048,0,,,,,,,,,,,,1
direct,0.0,0,wide4k,1,2,1790397208,cargo=4 rustc=0 cl=0 link=0 clippy-driver=0 ninja=0,1,2000,2000,0,2.279,1.621,1.347,1.839,4.363,1.431,1.431,2865.9,698,143295.4,281.2,0.098,0.141,0.663,0.647,7588,372,268,0,,,,,,,,,,,,1
direct,0.0,0,wide4k,2,2,1790397212,cargo=4 rustc=0 cl=0 link=0 clippy-driver=0 ninja=0,1,2000,1000,0,1.658,1.996,1.737,2.261,4.723,1.830,1.830,1832.2,1092,91610.4,140.6,0.077,0.141,0.975,0.885,7592,516,544,0,,,,,,,,,,,,1
direct,0.0,0,wide4k,5,2,1790397216,cargo=4 rustc=0 cl=0 link=0 clippy-driver=0 ninja=0,1,2000,400,0,1.699,4.108,3.334,4.197,17.504,3.513,3.511,1407.2,1421,70362.4,203.1,0.144,0.508,0.919,0.789,7596,940,1168,0,,,,,,,,,,,,1
direct,0.0,0,wide4k,10,2,1790397219,cargo=4 rustc=0 cl=0 link=0 clippy-driver=0 ninja=0,1,2000,200,0,1.936,5.790,5.581,7.017,14.999,5.844,5.844,1170.9,1708,58544.5,296.9,0.254,1.484,0.894,0.837,7648,1788,1948,0,,,,,,,,,,,,1
direct,0.0,0,wide4k,25,2,1790397222,cargo=4 rustc=0 cl=0 link=0 clippy-driver=0 ninja=0,1,2000,80,0,1.704,16.439,14.933,17.791,20.116,14.826,14.806,1187.9,1684,59395.7,750.0,0.631,9.375,0.808,0.680,7592,3552,3984,0,,,,,,,,,,,,1
direct,0.0,0,wide4k,50,2,1790397224,cargo=4 rustc=0 cl=0 link=0 clippy-driver=0 ninja=0,1,2000,40,0,1.955,54.456,29.789,54.456,66.022,34.885,34.383,1397.4,1431,69870.5,1000.0,0.716,25.000,0.730,0.677,7588,5172,6312,0,,,,,,,,,,,,1
direct,0.0,0,wide4k,100,2,1790397227,cargo=4 rustc=0 cl=0 link=0 clippy-driver=0 ninja=0,1,2000,20,0,1.525,195.042,120.802,200.441,208.283,133.671,130.441,2675.0,748,133748.9,2359.4,0.882,117.969,0.920,0.743,7584,9936,10996,0,,,,,,,,,,,,1
direct,0.0,0,wide4k,250,2,1790397232,cargo=4 rustc=0 cl=0 link=0 clippy-driver=0 ninja=0,1,2000,8,0,1.671,1239.928,848.088,1091.898,1239.928,905.897,858.178,7248.9,276,362442.9,6781.2,0.935,847.656,0.817,0.731,7588,20068,22972,0,,,,,,,,,,,,1
direct,0.0,0,wide4k,1,3,1790397241,cargo=4 rustc=0 cl=0 link=0 clippy-driver=0 ninja=0,1,2000,2000,0,2.205,1.736,1.292,1.644,3.309,1.351,1.351,2706.7,739,135333.3,234.4,0.087,0.117,0.846,0.761,7592,368,276,0,,,,,,,,,,,,1
direct,0.0,0,wide4k,2,3,1790397245,cargo=4 rustc=0 cl=0 link=0 clippy-driver=0 ninja=0,1,2000,1000,0,1.440,1.976,1.732,2.186,3.605,1.796,1.796,1798.7,1112,89935.5,250.0,0.139,0.250,0.742,0.698,7588,520,544,0,,,,,,,,,,,,1
direct,0.0,0,wide4k,5,3,1790397248,cargo=4 rustc=0 cl=0 link=0 clippy-driver=0 ninja=0,1,2000,400,0,2.016,3.772,3.121,3.852,7.181,3.252,3.250,1303.1,1535,65153.8,203.1,0.156,0.508,0.870,0.772,7592,936,1176,0,,,,,,,,,,,,1
direct,0.0,0,wide4k,10,3,1790397251,cargo=4 rustc=0 cl=0 link=0 clippy-driver=0 ninja=0,1,2000,200,0,1.492,5.499,5.435,6.212,8.206,5.482,5.482,1098.2,1821,54908.2,343.8,0.313,1.719,0.689,0.639,7588,1868,2456,0,,,,,,,,,,,,1
direct,0.0,0,wide4k,25,3,1790397254,cargo=4 rustc=0 cl=0 link=0 clippy-driver=0 ninja=0,1,2000,80,0,1.851,20.887,14.583,18.873,21.962,15.073,15.000,1207.8,1656,60391.2,703.1,0.582,8.789,0.820,0.693,7596,2976,4096,0,,,,,,,,,,,,1
direct,0.0,0,wide4k,50,3,1790397257,cargo=4 rustc=0 cl=0 link=0 clippy-driver=0 ninja=0,1,2000,40,0,2.098,52.814,29.476,49.608,61.604,32.811,32.298,1314.6,1521,65730.1,953.1,0.725,23.828,0.717,0.692,7584,5276,5672,0,,,,,,,,,,,,1
direct,0.0,0,wide4k,100,3,1790397260,cargo=4 rustc=0 cl=0 link=0 clippy-driver=0 ninja=0,1,2000,20,0,1.768,197.159,107.266,197.692,212.818,128.875,125.281,2579.3,775,128964.8,2312.5,0.897,115.625,0.735,0.699,7592,10084,11236,0,,,,,,,,,,,,1
direct,0.0,0,wide4k,250,3,1790397264,cargo=4 rustc=0 cl=0 link=0 clippy-driver=0 ninja=0,1,2000,8,0,2.007,1272.507,823.098,1092.050,1272.507,917.606,866.906,7342.9,272,367143.5,7078.1,0.964,884.766,1.086,0.892,7592,20276,23472,0,,,,,,,,,,,,1
rtt0,0.0,0,numbers10,50,1,1790397276,cargo=4 rustc=0 cl=0 link=0 clippy-driver=0 ninja=0,1,100000,2000,0,2.007,1.281,1.195,1.612,2.553,1.272,1.272,2547.8,39249,2547.8,421.9,0.166,0.211,1.452,1.164,7608,300,160,0,6715233,34451,2001,2001,3407,8192,318,0,67.2,3358,1.00,1
rtt0,0.0,0,numbers10,100,1,1790397280,cargo=4 rustc=0 cl=0 link=0 clippy-driver=0 ninja=0,1,100000,1000,0,2.143,1.685,1.551,2.042,4.903,1.639,1.639,1642.2,60894,1642.2,468.8,0.285,0.469,0.951,0.894,7604,556,468,0,6655799,17451,1001,1001,6742,8192,318,0,66.6,6656,1.00,1
rtt0,0.0,0,numbers10,250,1,1790397284,cargo=4 rustc=0 cl=0 link=0 clippy-driver=0 ninja=0,1,100000,400,0,2.603,2.844,2.771,3.414,4.719,2.853,2.853,1144.0,87415,1144.0,484.4,0.423,1.211,0.819,0.755,7596,884,916,0,6628647,7251,1192,1192,8111,8192,318,0,66.3,16572,2.98,1
rtt0,0.0,0,numbers10,500,1,1790397286,cargo=4 rustc=0 cl=0 link=0 clippy-driver=0 ninja=0,1,100000,200,0,2.444,6.294,4.975,6.269,7.216,5.088,5.082,1020.3,98013,1020.3,750.0,0.735,3.750,0.849,0.780,7612,1184,1496,0,6618211,4051,997,997,8111,8192,318,0,66.2,33091,4.98,1
rtt0,0.0,0,numbers10,1000,1,1790397289,cargo=4 rustc=0 cl=0 link=0 clippy-driver=0 ninja=0,1,100000,100,0,1.872,10.672,10.526,12.555,14.146,10.755,10.756,1077.5,92810,1077.5,796.9,0.740,7.969,1.063,0.978,7624,1896,2644,0,6614663,2251,899,899,8111,8192,318,0,66.1,66147,8.98,1
rtt0,0.0,0,numbers10,2000,1,1790397292,cargo=4 rustc=0 cl=0 link=0 clippy-driver=0 ninja=0,1,100000,50,0,1.849,35.016,26.584,29.540,35.016,26.970,26.806,1350.4,74052,1350.4,1281.2,0.949,25.625,0.929,0.770,7612,3228,4564,0,6616659,1351,852,852,8111,8192,318,0,66.2,132333,17.02,1
rtt0,0.0,0,numbers10,5000,1,1790397295,cargo=4 rustc=0 cl=0 link=0 clippy-driver=0 ninja=0,1,100000,20,0,2.733,163.369,147.522,156.655,164.711,148.944,148.185,2981.6,33539,2981.6,2828.1,0.949,141.406,0.968,0.898,7600,6784,10152,0,6629847,811,823,823,8111,8192,318,0,66.3,331492,41.10,1
rtt0,0.0,0,numbers10,10000,1,1790397299,cargo=4 rustc=0 cl=0 link=0 clippy-driver=0 ninja=0,1,100000,10,0,1.826,640.314,557.946,584.495,640.314,565.611,557.311,5658.0,17674,5658.0,5375.0,0.950,537.500,0.896,0.851,7604,16072,18336,0,6654371,631,826,826,8111,8192,318,0,66.5,665437,82.50,1
rtt0,0.0,0,numbers10,20000,1,1790397306,cargo=4 rustc=0 cl=0 link=0 clippy-driver=0 ninja=0,1,100000,5,0,2.034,2445.670,2117.541,2445.670,2445.670,2080.731,1989.496,10405.7,9610,10405.7,9953.1,0.957,1990.625,0.987,0.830,7604,30524,39016,0,6704167,541,831,831,8111,8192,318,0,67.0,1340833,166.00,1
rtt0,0.0,0,numbers10,50,2,1790397318,cargo=4 rustc=0 cl=0 link=0 clippy-driver=0 ninja=0,1,100000,2000,0,1.688,1.494,1.202,1.578,2.298,1.263,1.263,2529.8,39529,2529.8,390.6,0.154,0.195,0.820,0.772,7604,364,236,0,6715233,34451,2001,2001,3407,8192,318,0,67.2,3358,1.00,1
rtt0,0.0,0,numbers10,100,2,1790397322,cargo=4 rustc=0 cl=0 link=0 clippy-driver=0 ninja=0,1,100000,1000,0,1.780,1.705,1.557,2.047,2.805,1.627,1.627,1629.7,61362,1629.7,406.2,0.249,0.406,1.041,0.926,7608,476,384,0,6655799,17451,1001,1001,6742,8192,318,0,66.6,6656,1.00,1
rtt0,0.0,0,numbers10,250,2,1790397326,cargo=4 rustc=0 cl=0 link=0 clippy-driver=0 ninja=0,1,100000,400,0,1.781,2.704,2.651,3.236,4.912,2.716,2.716,1088.5,91870,1088.5,484.4,0.445,1.211,1.079,0.866,7664,884,936,0,6628647,7251,1192,1192,8111,8192,318,0,66.3,16572,2.98,1
rtt0,0.0,0,numbers10,500,2,1790397328,cargo=4 rustc=0 cl=0 link=0 clippy-driver=0 ninja=0,1,100000,200,0,2.001,5.288,4.925,5.824,6.871,4.985,4.983,999.1,100085,999.1,765.6,0.766,3.828,1.359,1.045,7608,1176,1472,0,6618211,4051,997,997,8111,8192,318,0,66.2,33091,4.98,1
rtt0,0.0,0,numbers10,1000,2,1790397331,cargo=4 rustc=0 cl=0 link=0 clippy-driver=0 ninja=0,1,100000,100,0,2.344,9.791,10.593,12.279,15.088,10.788,10.798,1081.3,92485,1081.3,890.6,0.824,8.906,1.045,0.849,7612,1896,2572,0,6614663,2251,899,899,8111,8192,318,0,66.1,66147,8.98,1
rtt0,0.0,0,numbers10,2000,2,1790397334,cargo=4 rustc=0 cl=0 link=0 clippy-driver=0 ninja=0,1,100000,50,0,1.839,30.645,26.438,29.894,35.222,27.006,26.932,1352.2,73954,1352.2,1234.4,0.913,24.688,0.832,0.782,7608,3232,4680,0,6616659,1351,852,852,8111,8192,318,0,66.2,132333,17.02,1
rtt0,0.0,0,numbers10,5000,2,1790397337,cargo=4 rustc=0 cl=0 link=0 clippy-driver=0 ninja=0,1,100000,20,0,1.734,149.951,141.333,149.951,152.808,142.345,141.945,2848.7,35104,2848.7,2796.9,0.982,139.844,0.918,0.762,7604,6992,10144,0,6629847,811,823,823,8111,8192,318,0,66.3,331492,41.10,1
rtt0,0.0,0,numbers10,10000,2,1790397341,cargo=4 rustc=0 cl=0 link=0 clippy-driver=0 ninja=0,1,100000,10,0,1.635,617.887,542.610,577.702,617.887,549.004,541.350,5491.7,18209,5491.7,5171.9,0.942,517.188,0.869,0.836,7596,13816,18108,0,6654371,631,826,826,8111,8192,318,0,66.5,665437,82.50,1
rtt0,0.0,0,numbers10,20000,2,1790397348,cargo=4 rustc=0 cl=0 link=0 clippy-driver=0 ninja=0,1,100000,5,0,2.345,2432.561,2109.224,2432.561,2432.561,2057.617,1963.881,10290.4,9718,10290.4,9843.8,0.957,1968.750,1.269,1.046,7596,32124,40720,0,6704167,541,831,831,8111,8192,318,0,67.0,1340833,166.00,1
rtt0,0.0,0,numbers10,50,3,1790397360,cargo=4 rustc=0 cl=0 link=0 clippy-driver=0 ninja=0,1,100000,2000,0,1.862,1.435,1.218,1.625,3.640,1.284,1.284,2572.3,38876,2572.3,484.4,0.188,0.242,0.864,0.828,7608,380,292,0,6715233,34451,2001,2001,3407,8192,318,0,67.2,3358,1.00,1
rtt0,0.0,0,numbers10,100,3,1790397364,cargo=4 rustc=0 cl=0 link=0 clippy-driver=0 ninja=0,1,100000,1000,0,1.912,1.779,1.508,1.924,6.235,1.574,1.574,1577.2,63404,1577.2,328.1,0.208,0.328,0.920,0.879,7612,516,416,0,6655799,17451,1001,1001,6742,8192,318,0,66.6,6656,1.00,1
rtt0,0.0,0,numbers10,250,3,1790397367,cargo=2 rustc=0 cl=0 link=0 clippy-driver=0 ninja=0,1,100000,400,0,1.999,3.485,2.665,3.217,4.277,2.737,2.735,1097.2,91144,1097.2,562.5,0.513,1.406,0.975,0.886,7604,1016,1100,0,6628647,7251,1192,1192,8111,8192,318,0,66.3,16572,2.98,1
rtt0,0.0,0,numbers10,500,3,1790397370,cargo=2 rustc=0 cl=0 link=0 clippy-driver=0 ninja=0,1,100000,200,0,1.900,5.302,4.776,5.738,7.499,4.828,4.825,967.6,103348,967.6,656.2,0.678,3.281,0.953,0.877,7660,1280,1572,0,6618211,4051,997,997,8111,8192,318,0,66.2,33091,4.98,1
rtt0,0.0,0,numbers10,1000,3,1790397373,cargo=2 rustc=0 cl=0 link=0 clippy-driver=0 ninja=0,1,100000,100,0,1.748,10.563,10.331,11.450,13.594,10.464,10.463,1048.3,95393,1048.3,859.4,0.820,8.594,0.930,0.837,7624,1896,2644,0,6614663,2251,899,899,8111,8192,318,0,66.1,66147,8.98,1
rtt0,0.0,0,numbers10,2000,3,1790397375,cargo=2 rustc=0 cl=0 link=0 clippy-driver=0 ninja=0,1,100000,50,0,1.751,30.876,27.190,28.593,30.876,27.242,27.167,1363.9,73320,1363.9,1234.4,0.905,24.688,0.982,0.808,7604,3188,4536,0,6616659,1351,852,852,8111,8192,318,0,66.2,132333,17.02,1
rtt0,0.0,0,numbers10,5000,3,1790397378,cargo=2 rustc=0 cl=0 link=0 clippy-driver=0 ninja=0,1,100000,20,0,1.966,149.663,141.155,149.663,152.469,141.898,141.490,2840.0,35212,2840.0,2703.1,0.952,135.156,0.847,0.781,7608,7580,10776,0,6629847,811,823,823,8111,8192,318,0,66.3,331492,41.10,1
rtt0,0.0,0,numbers10,10000,3,1790397383,cargo=2 rustc=0 cl=0 link=0 clippy-driver=0 ninja=0,1,100000,10,0,1.843,617.480,551.749,568.790,617.480,551.167,543.799,5513.5,18137,5513.5,5359.4,0.972,535.938,0.994,0.796,7616,13348,17776,0,6654371,631,826,826,8111,8192,318,0,66.5,665437,82.50,1
rtt0,0.0,0,numbers10,20000,3,1790397390,cargo=2 rustc=0 cl=0 link=0 clippy-driver=0 ninja=0,1,100000,5,0,2.158,2428.710,2070.788,2428.710,2428.710,2074.223,1985.601,10373.3,9640,10373.3,9968.8,0.961,1993.750,0.878,0.826,7612,32364,41172,0,6704167,541,831,831,8111,8192,318,0,67.0,1340833,166.00,1
rtt0,0.0,0,text5date2,25,1,1790397405,cargo=2 rustc=0 cl=0 link=0 clippy-driver=0 ninja=0,1,100000,4000,0,1.905,1.494,1.367,1.824,4.308,1.444,1.444,5780.9,17298,5780.9,859.4,0.149,0.215,0.970,0.870,7616,408,320,0,32308147,68835,5236,5236,8111,8192,318,0,323.1,8077,1.31,1
rtt0,0.0,0,text5date2,50,1,1790397412,cargo=2 rustc=0 cl=0 link=0 clippy-driver=0 ninja=0,1,100000,2000,0,2.018,2.070,1.891,2.715,6.191,2.044,2.044,4091.0,24444,4091.0,625.0,0.153,0.312,0.944,0.786,7600,628,696,0,32199079,34835,4256,4256,8111,8192,318,0,322.0,16100,2.13,1
rtt0,0.0,0,text5date2,100,1,1790397418,cargo=4 rustc=0 cl=0 link=0 clippy-driver=0 ninja=0,1,100000,1000,0,1.987,2.802,2.289,2.848,5.222,2.386,2.386,2389.2,41854,2389.2,562.5,0.235,0.562,1.101,0.890,7612,812,864,0,32147055,17835,4002,4002,8111,8192,318,0,321.5,32147,4.00,1
rtt0,0.0,0,text5date2,250,1,1790397422,cargo=4 rustc=0 cl=0 link=0 clippy-driver=0 ninja=0,1,100000,400,0,2.179,5.297,4.591,5.772,14.125,4.784,4.782,1916.1,52189,1916.1,718.8,0.375,1.797,1.074,0.927,7608,1196,1288,0,32117843,7635,4002,4002,8111,8192,318,0,321.2,80295,10.00,1
rtt0,0.0,0,text5date2,500,1,1790397426,cargo=4 rustc=0 cl=0 link=0 clippy-driver=0 ninja=0,1,100000,200,0,2.490,14.154,9.650,13.741,23.265,10.415,10.396,2085.8,47944,2085.8,1421.9,0.682,7.109,1.600,1.211,7608,2260,2304,0,32109107,4435,4002,4002,8111,8192,318,0,321.1,160546,20.00,1
rtt0,0.0,0,text5date2,1000,1,1790397430,cargo=4 rustc=0 cl=0 link=0 clippy-driver=0 ninja=0,1,100000,100,0,1.785,45.949,25.959,32.614,45.949,27.088,26.897,2710.7,36891,2710.7,2312.5,0.853,23.125,1.200,1.082,7604,3940,4304,0,32106039,2635,4002,4002,8111,8192,318,0,321.1,321060,40.01,1
rtt0,0.0,0,text5date2,2000,1,1790397434,cargo=4 rustc=0 cl=0 link=0 clippy-driver=0 ninja=0,1,100000,50,0,1.984,150.140,83.595,108.300,150.140,90.794,89.583,4541.7,22018,4541.7,4359.4,0.960,87.188,1.286,1.061,7612,6704,7380,0,32107505,1735,4002,4002,8111,8192,318,0,321.1,642150,80.02,1
rtt0,0.0,0,text5date2,5000,1,1790397440,cargo=4 rustc=0 cl=0 link=0 clippy-driver=0 ninja=0,1,75000,15,1,1.771,990.237,637.012,824.211,990.237,673.365,650.732,10102.3,7424,13469.7,9609.4,0.951,640.625,1.684,1.396,7604,13068,14536,0,24093261,1105,2974,2974,8111,8192,318,0,321.2,1606217,198.20,1
rtt0,0.0,0,text5date2,25,2,1790397452,cargo=4 rustc=0 cl=0 link=0 clippy-driver=0 ninja=0,1,100000,4000,0,1.541,1.584,1.361,1.871,4.907,1.447,1.447,5793.3,17261,5793.3,593.8,0.102,0.148,0.839,0.815,7612,432,328,0,32308147,68835,5236,5236,8111,8192,318,0,323.1,8077,1.31,1
rtt0,0.0,0,text5date2,50,2,1790397459,cargo=4 rustc=0 cl=0 link=0 clippy-driver=0 ninja=0,1,100000,2000,0,1.756,2.172,1.732,2.228,3.943,1.802,1.801,3606.8,27726,3606.8,546.9,0.152,0.273,0.887,0.847,7608,644,704,0,32199079,34835,4256,4256,8111,8192,318,0,322.0,16100,2.13,1
rtt0,0.0,0,text5date2,100,2,1790397464,cargo=4 rustc=0 cl=0 link=0 clippy-driver=0 ninja=0,1,100000,1000,0,1.853,2.624,2.349,2.863,6.325,2.435,2.435,2438.1,41015,2438.1,703.1,0.288,0.703,0.898,0.837,7604,832,884,0,32147055,17835,4002,4002,8111,8192,318,0,321.5,32147,4.00,1
rtt0,0.0,0,text5date2,250,2,1790397469,cargo=4 rustc=0 cl=0 link=0 clippy-driver=0 ninja=0,1,100000,400,0,1.678,5.968,4.572,5.513,6.671,4.675,4.672,1872.0,53418,1872.0,937.5,0.501,2.344,1.060,0.943,7608,1344,1360,0,32117843,7635,4002,4002,8111,8192,318,0,321.2,80295,10.00,1
rtt0,0.0,0,text5date2,500,2,1790397472,cargo=4 rustc=0 cl=0 link=0 clippy-driver=0 ninja=0,1,100000,200,0,1.993,11.739,9.731,12.214,16.726,9.878,9.869,1977.8,50561,1977.8,1421.9,0.719,7.109,0.960,0.822,7608,2244,2532,0,32109107,4435,4002,4002,8111,8192,318,0,321.1,160546,20.00,1
rtt0,0.0,0,text5date2,1000,2,1790397476,cargo=4 rustc=0 cl=0 link=0 clippy-driver=0 ninja=0,1,100000,100,0,1.772,45.076,24.872,34.377,45.076,26.312,26.123,2633.1,37978,2633.1,2234.4,0.849,22.344,0.894,0.800,7604,3728,4244,0,32106039,2635,4002,4002,8111,8192,318,0,321.1,321060,40.01,1
rtt0,0.0,0,text5date2,2000,2,1790397480,cargo=4 rustc=0 cl=0 link=0 clippy-driver=0 ninja=0,1,100000,50,0,2.057,170.380,83.848,118.760,170.380,90.465,88.834,4525.3,22098,4525.3,4328.1,0.956,86.562,0.962,0.882,7600,6504,7012,0,32107505,1735,4002,4002,8111,8192,318,0,321.1,642150,80.02,1
rtt0,0.0,0,text5date2,5000,2,1790397486,cargo=4 rustc=0 cl=0 link=0 clippy-driver=0 ninja=0,1,80000,16,1,2.141,947.478,639.180,838.160,947.478,661.501,642.436,10586.2,7557,13232.7,10093.8,0.953,630.859,0.955,0.846,7600,13068,14492,0,25698205,1123,3172,3172,8111,8192,318,0,321.2,1606138,198.19,1
rtt0,0.0,0,text5date2,25,3,1790397498,cargo=4 rustc=0 cl=0 link=0 clippy-driver=0 ninja=0,1,100000,4000,0,2.187,1.382,1.415,2.164,11.903,1.566,1.566,6269.9,15949,6269.9,718.8,0.115,0.180,0.935,0.823,7604,536,600,0,32308147,68835,5236,5236,8111,8192,318,0,323.1,8077,1.31,1
rtt0,0.0,0,text5date2,50,3,1790397506,cargo=4 rustc=0 cl=0 link=0 clippy-driver=0 ninja=0,1,100000,2000,0,2.082,1.947,1.564,1.942,4.158,1.626,1.626,3256.3,30710,3256.3,562.5,0.173,0.281,1.169,0.802,7616,624,720,0,32199079,34835,4256,4256,8111,8192,318,0,322.0,16100,2.13,1
rtt0,0.0,0,text5date2,100,3,1790397511,cargo=4 rustc=0 cl=0 link=0 clippy-driver=0 ninja=0,1,100000,1000,0,2.193,2.547,2.343,2.840,6.761,2.417,2.417,2420.3,41317,2420.3,734.4,0.303,0.734,0.998,0.831,7604,776,832,0,32147055,17835,4002,4002,8111,8192,318,0,321.5,32147,4.00,1
rtt0,0.0,0,text5date2,250,3,1790397515,cargo=4 rustc=0 cl=0 link=0 clippy-driver=0 ninja=0,1,100000,400,0,1.672,5.426,4.823,5.818,9.859,4.892,4.891,1959.0,51045,1959.0,921.9,0.471,2.305,0.907,0.867,7604,1300,1404,0,32117843,7635,4002,4002,8111,8192,318,0,321.2,80295,10.00,1
rtt0,0.0,0,text5date2,500,3,1790397518,cargo=4 rustc=0 cl=0 link=0 clippy-driver=0 ninja=0,1,100000,200,0,1.743,13.471,9.330,11.509,15.896,9.645,9.625,1930.9,51790,1930.9,1359.4,0.704,6.797,0.949,0.880,7620,2520,2568,0,32109107,4435,4002,4002,8111,8192,318,0,321.1,160546,20.00,1
rtt0,0.0,0,text5date2,1000,3,1790397522,cargo=4 rustc=0 cl=0 link=0 clippy-driver=0 ninja=0,1,100000,100,0,2.614,66.868,25.510,55.975,66.868,29.616,29.240,2964.3,33734,2964.3,2546.9,0.859,25.469,1.111,0.982,7624,3756,4148,0,32106039,2635,4002,4002,8111,8192,318,0,321.1,321060,40.01,1
rtt0,0.0,0,text5date2,2000,3,1790397527,cargo=4 rustc=0 cl=0 link=0 clippy-driver=0 ninja=0,1,100000,50,0,2.252,157.775,84.093,120.353,157.775,91.060,89.698,4555.3,21952,4555.3,4328.1,0.950,86.562,0.876,0.837,7620,6660,7140,0,32107505,1735,4002,4002,8111,8192,318,0,321.1,642150,80.02,1
rtt0,0.0,0,text5date2,5000,3,1790397533,cargo=4 rustc=0 cl=0 link=0 clippy-driver=0 ninja=0,1,75000,15,1,2.192,911.557,618.254,911.557,1036.013,668.675,651.326,10032.3,7476,13376.4,9390.6,0.936,626.042,0.942,0.897,7600,13056,15056,0,24093261,1105,2974,2974,8111,8192,318,0,321.2,1606217,198.20,1
rtt0,0.0,0,wide4k,1,1,1790397548,cargo=4 rustc=0 cl=0 link=0 clippy-driver=0 ninja=0,1,2000,2000,0,2.406,1.745,1.510,1.936,4.180,1.578,1.578,3160.3,633,158014.8,140.6,0.044,0.070,0.925,0.815,7600,340,240,0,32187643,34483,4001,4001,8111,8192,318,0,16093.8,16094,2.00,1
rtt0,0.0,0,wide4k,2,1,1790397553,cargo=4 rustc=0 cl=0 link=0 clippy-driver=0 ninja=0,1,2000,1000,0,1.760,2.124,2.096,3.353,8.619,2.370,2.370,2372.8,843,118637.9,140.6,0.059,0.141,0.839,0.817,7600,484,520,0,32138903,17483,4001,4001,8111,8192,318,0,16069.5,32139,4.00,1
rtt0,0.0,0,wide4k,5,1,1790397557,cargo=4 rustc=0 cl=0 link=0 clippy-driver=0 ninja=0,1,2000,400,0,2.351,3.712,3.296,3.966,6.027,3.406,3.405,1365.2,1465,68261.8,250.0,0.183,0.625,1.158,0.812,7604,940,1104,0,32109660,7283,4001,4001,8111,8192,318,0,16054.8,80274,10.00,1
rtt0,0.0,0,wide4k,10,1,1790397559,cargo=4 rustc=0 cl=0 link=0 clippy-driver=0 ninja=0,1,2000,200,0,1.743,6.290,5.776,6.885,8.275,5.901,5.899,1182.2,1692,59108.8,359.4,0.304,1.797,0.851,0.836,7616,1800,2196,0,32099932,3883,4001,4001,8111,8192,318,0,16050.0,160500,20.00,1
rtt0,0.0,0,wide4k,25,1,1790397562,cargo=4 rustc=0 cl=0 link=0 clippy-driver=0 ninja=0,1,2000,80,0,2.156,16.480,14.480,18.796,22.287,15.087,15.069,1209.2,1654,60460.7,828.1,0.685,10.352,1.089,0.949,7608,3276,3996,0,32094142,1843,4001,4001,8111,8192,318,0,16047.1,401177,50.00,1
rtt0,0.0,0,wide4k,50,1,1790397565,cargo=4 rustc=0 cl=0 link=0 clippy-driver=0 ninja=0,1,2000,40,0,4.025,90.273,30.347,75.398,119.994,40.049,38.761,1606.0,1245,80301.6,1171.9,0.730,29.297,1.184,1.049,7604,5024,5904,0,32091892,1163,3961,3961,8111,8192,318,0,16045.9,802297,99.00,1
rtt0,0.0,0,wide4k,100,1,1790397568,cargo=4 rustc=0 cl=0 link=0 clippy-driver=0 ninja=0,1,2000,20,0,2.120,193.953,118.477,193.953,203.981,131.259,127.959,2627.3,761,131366.5,2375.0,0.904,118.750,1.044,0.943,7596,9876,11292,0,32091118,823,3961,3961,8111,8192,318,0,16045.6,1604556,198.00,1
rtt0,0.0,0,wide4k,250,1,1790397573,cargo=4 rustc=0 cl=0 link=0 clippy-driver=0 ninja=0,1,2000,8,0,1.917,1276.152,879.053,1056.600,1276.152,923.815,873.481,7392.4,271,369622.4,7093.8,0.960,886.719,0.923,0.854,7604,20608,23536,0,32091132,619,3961,3961,8111,8192,318,0,16045.6,4011392,495.00,1
rtt0,0.0,0,wide4k,1,2,1790397582,cargo=4 rustc=0 cl=0 link=0 clippy-driver=0 ninja=0,1,2000,2000,0,2.404,2.253,1.510,1.928,5.427,1.581,1.580,3165.4,632,158271.7,328.1,0.104,0.164,1.099,0.936,7600,368,272,0,32187386,34483,4001,4001,8111,8192,318,0,16093.7,16094,2.00,1
rtt0,0.0,0,wide4k,2,2,1790397586,cargo=4 rustc=0 cl=0 link=0 clippy-driver=0 ninja=0,1,2000,1000,0,1.840,2.088,1.956,2.415,7.113,2.046,2.046,2048.9,976,102443.2,187.5,0.092,0.188,0.982,0.885,7600,516,552,0,32138903,17483,4001,4001,8111,8192,318,0,16069.5,32139,4.00,1
rtt0,0.0,0,wide4k,5,2,1790397590,cargo=4 rustc=0 cl=0 link=0 clippy-driver=0 ninja=0,1,2000,400,0,1.671,3.838,3.297,3.926,5.224,3.386,3.384,1356.3,1475,67815.1,218.8,0.161,0.547,1.168,0.810,7592,904,1188,0,32109660,7283,4001,4001,8111,8192,318,0,16054.8,80274,10.00,1
rtt0,0.0,0,wide4k,10,2,1790397593,cargo=4 rustc=0 cl=0 link=0 clippy-driver=0 ninja=0,1,2000,200,0,1.731,8.689,5.889,6.821,8.689,5.979,5.965,1197.8,1670,59887.6,343.8,0.287,1.719,0.980,0.855,7596,1844,2212,0,32099932,3883,4001,4001,8111,8192,318,0,16050.0,160500,20.00,1
rtt0,0.0,0,wide4k,25,2,1790397596,cargo=4 rustc=0 cl=0 link=0 clippy-driver=0 ninja=0,1,2000,80,0,2.048,15.905,15.106,17.112,19.305,14.979,14.968,1200.5,1666,60024.4,796.9,0.664,9.961,1.100,0.945,7616,3320,3616,0,32094142,1843,4001,4001,8111,8192,318,0,16047.1,401177,50.00,1
rtt0,0.0,0,wide4k,50,2,1790397598,cargo=4 rustc=0 cl=0 link=0 clippy-driver=0 ninja=0,1,2000,40,0,1.837,57.307,31.783,49.270,57.307,34.638,34.057,1387.4,1442,69371.2,968.8,0.698,24.219,0.976,0.877,7608,5632,6432,0,32091892,1163,3961,3961,8111,8192,318,0,16045.9,802297,99.00,1
rtt0,0.0,0,wide4k,100,2,1790397601,cargo=4 rustc=0 cl=0 link=0 clippy-driver=0 ninja=0,1,2000,20,0,2.147,208.788,116.207,191.882,208.788,130.700,126.590,2616.2,764,130808.5,2312.5,0.884,115.625,1.086,0.914,7600,9856,11180,0,32091118,823,3961,3961,8111,8192,318,0,16045.6,1604556,198.00,1
rtt0,0.0,0,wide4k,250,2,1790397606,cargo=4 rustc=0 cl=0 link=0 clippy-driver=0 ninja=0,1,2000,8,0,1.982,1282.947,801.926,1146.593,1282.947,907.381,853.729,7261.0,275,363052.2,6734.4,0.927,841.797,0.880,0.814,7608,20268,23336,0,32091132,619,3961,3961,8111,8192,318,0,16045.6,4011392,495.00,1
rtt0,0.0,0,wide4k,1,3,1790397614,cargo=4 rustc=0 cl=0 link=0 clippy-driver=0 ninja=0,1,2000,2000,0,1.886,1.831,1.519,1.946,8.803,1.597,1.597,3196.9,626,159845.0,296.9,0.093,0.148,0.897,0.802,7620,340,240,0,32187643,34483,4001,4001,8111,8192,318,0,16093.8,16094,2.00,1
rtt0,0.0,0,wide4k,2,3,1790397619,cargo=4 rustc=0 cl=0 link=0 clippy-driver=0 ninja=0,1,2000,1000,0,2.903,2.179,1.954,2.418,4.883,2.023,2.023,2026.9,987,101346.2,187.5,0.093,0.188,0.844,0.772,7612,516,552,0,32138903,17483,4001,4001,8111,8192,318,0,16069.5,32139,4.00,1
rtt0,0.0,0,wide4k,5,3,1790397623,cargo=4 rustc=0 cl=0 link=0 clippy-driver=0 ninja=0,1,2000,400,0,1.978,3.475,3.424,4.126,6.298,3.512,3.512,1407.2,1421,70362.0,281.2,0.200,0.703,1.072,0.826,7604,1040,1176,0,32109660,7283,4001,4001,8111,8192,318,0,16054.8,80274,10.00,1
rtt0,0.0,0,wide4k,10,3,1790397626,cargo=4 rustc=0 cl=0 link=0 clippy-driver=0 ninja=0,1,2000,200,0,2.265,6.665,5.626,6.495,8.338,5.702,5.697,1142.9,1750,57144.4,187.5,0.164,0.938,0.915,0.848,7620,1700,1932,0,32099932,3883,4001,4001,8111,8192,318,0,16050.0,160500,20.00,1
rtt0,0.0,0,wide4k,25,3,1790397628,cargo=4 rustc=0 cl=0 link=0 clippy-driver=0 ninja=0,1,2000,80,0,2.008,16.321,14.705,17.124,18.576,14.822,14.803,1187.8,1684,59391.6,750.0,0.631,9.375,0.876,0.818,7608,3032,3744,0,32094142,1843,4001,4001,8111,8192,318,0,16047.1,401177,50.00,1
rtt0,0.0,0,wide4k,50,3,1790397631,cargo=4 rustc=0 cl=0 link=0 clippy-driver=0 ninja=0,1,2000,40,0,1.922,57.779,30.134,50.580,57.779,33.536,32.914,1343.4,1489,67169.6,1125.0,0.837,28.125,1.031,0.873,7592,5108,5688,0,32091892,1163,3961,3961,8111,8192,318,0,16045.9,802297,99.00,1
rtt0,0.0,0,wide4k,100,3,1790397634,cargo=4 rustc=0 cl=0 link=0 clippy-driver=0 ninja=0,1,2000,20,0,1.931,194.026,109.342,188.920,194.571,127.308,123.796,2548.1,785,127405.7,2281.2,0.895,114.062,1.154,1.006,7620,9776,11288,0,32091118,823,3961,3961,8111,8192,318,0,16045.6,1604556,198.00,1
rtt0,0.0,0,wide4k,250,3,1790397638,cargo=4 rustc=0 cl=0 link=0 clippy-driver=0 ninja=0,1,2000,8,0,1.953,1267.174,850.462,1155.129,1267.174,936.224,888.945,7491.8,267,374587.7,7109.4,0.949,888.672,0.905,0.842,7608,20128,22936,0,32091132,619,3961,3961,8111,8192,318,0,16045.6,4011392,495.00,1
rtt2,2.0,0,numbers10,50,1,1790397651,cargo=4 rustc=0 cl=0 link=0 clippy-driver=0 ninja=0,1,100000,2000,0,4.780,4.176,4.191,4.781,11.719,4.263,4.263,8532.5,11720,8532.5,625.0,0.073,0.312,3.742,3.532,7608,276,148,0,6715233,34451,2001,2001,3407,8192,318,0,67.2,3358,1.00,1
rtt2,2.0,0,numbers10,100,1,1790397661,cargo=4 rustc=0 cl=0 link=0 clippy-driver=0 ninja=0,1,100000,1000,0,4.604,4.376,4.492,5.296,15.709,4.613,4.613,4618.4,21653,4618.4,343.8,0.074,0.344,3.745,3.552,7624,456,328,0,6655799,17451,1001,1001,6742,8192,318,0,66.6,6656,1.00,1
rtt2,2.0,0,numbers10,250,1,1790397667,cargo=4 rustc=0 cl=0 link=0 clippy-driver=0 ninja=0,1,100000,400,0,5.322,6.307,5.492,6.106,7.219,5.542,5.540,2222.7,44991,2222.7,468.8,0.211,1.172,3.699,3.606,7612,944,1028,0,6628647,7251,1192,1192,8111,8192,318,0,66.3,16572,2.98,1
rtt2,2.0,0,numbers10,500,1,1790397671,cargo=4 rustc=0 cl=0 link=0 clippy-driver=0 ninja=0,1,100000,200,0,4.517,7.579,7.374,8.043,8.799,7.426,7.426,1490.0,67114,1490.0,656.2,0.440,3.281,4.020,3.689,7620,1220,1496,0,6618211,4051,997,997,8111,8192,318,0,66.2,33091,4.98,1
rtt2,2.0,0,numbers10,1000,1,1790397674,cargo=4 rustc=0 cl=0 link=0 clippy-driver=0 ninja=0,1,100000,100,0,4.324,16.263,13.261,14.455,16.263,13.346,13.317,1339.0,74680,1339.0,843.8,0.630,8.438,4.348,4.056,7620,1880,2596,0,6614663,2251,899,899,8111,8192,318,0,66.1,66147,8.98,1
rtt2,2.0,0,numbers10,2000,1,1790397677,cargo=4 rustc=0 cl=0 link=0 clippy-driver=0 ninja=0,1,100000,50,0,6.446,38.626,30.952,32.847,38.626,31.155,31.003,1564.2,63929,1564.2,1312.5,0.839,26.250,4.044,3.629,7624,3236,4636,0,6616659,1351,852,852,8111,8192,318,0,66.2,132333,17.02,1
rtt2,2.0,0,numbers10,5000,1,1790397681,cargo=4 rustc=0 cl=0 link=0 clippy-driver=0 ninja=0,1,100000,20,0,5.500,168.533,152.044,156.383,168.533,151.223,150.312,3030.0,33003,3030.0,2843.8,0.939,142.188,4.068,3.566,7616,7572,10092,0,6629847,811,823,823,8111,8192,318,0,66.3,331492,41.10,1
rtt2,2.0,0,numbers10,10000,1,1790397685,cargo=4 rustc=0 cl=0 link=0 clippy-driver=0 ninja=0,1,100000,10,0,4.930,618.990,562.491,587.481,618.990,561.479,555.089,5619.7,17794,5619.7,5171.9,0.920,517.188,4.127,3.574,7604,14572,18432,0,6654371,631,826,826,8111,8192,318,0,66.5,665437,82.50,1
rtt2,2.0,0,numbers10,20000,1,1790397693,cargo=4 rustc=0 cl=0 link=0 clippy-driver=0 ninja=0,1,100000,5,0,4.799,2483.670,2221.546,2483.670,2483.670,2185.890,2111.444,10934.3,9146,10934.3,10375.0,0.949,2075.000,3.697,3.550,7612,30256,38928,0,6704167,541,831,831,8111,8192,318,0,67.0,1340833,166.00,1
rtt2,2.0,0,numbers10,50,2,1790397705,cargo=4 rustc=0 cl=0 link=0 clippy-driver=0 ninja=0,1,100000,2000,0,4.712,4.519,4.194,4.719,5.338,4.199,4.199,8405.0,11898,8405.0,500.0,0.059,0.250,4.131,3.916,7664,328,196,0,6715233,34451,2001,2001,3407,8192,318,0,67.2,3358,1.00,1
rtt2,2.0,0,numbers10,100,2,1790397715,cargo=4 rustc=0 cl=0 link=0 clippy-driver=0 ninja=0,1,100000,1000,0,4.189,4.639,4.335,5.042,8.096,4.455,4.455,4460.6,22418,4460.6,453.1,0.102,0.453,3.923,3.610,7612,492,372,0,6655799,17451,1001,1001,6742,8192,318,0,66.6,6656,1.00,1
rtt2,2.0,0,numbers10,250,2,1790397721,cargo=4 rustc=0 cl=0 link=0 clippy-driver=0 ninja=0,1,100000,400,0,4.321,5.480,5.578,6.015,7.088,5.557,5.557,2227.6,44892,2227.6,484.4,0.217,1.211,4.059,3.729,7604,892,936,0,6628647,7251,1192,1192,8111,8192,318,0,66.3,16572,2.98,1
rtt2,2.0,0,numbers10,500,2,1790397725,cargo=4 rustc=0 cl=0 link=0 clippy-driver=0 ninja=0,1,100000,200,0,4.841,7.352,7.344,7.929,9.233,7.377,7.377,1480.4,67551,1480.4,515.6,0.348,2.578,3.775,3.625,7620,1204,1476,0,6618211,4051,997,997,8111,8192,318,0,66.2,33091,4.98,1
rtt2,2.0,0,numbers10,1000,2,1790397728,cargo=4 rustc=0 cl=0 link=0 clippy-driver=0 ninja=0,1,100000,100,0,3.973,15.396,13.168,14.476,15.718,13.291,13.269,1333.1,75011,1333.1,843.8,0.633,8.438,3.901,3.654,7616,1828,2672,0,6614663,2251,899,899,8111,8192,318,0,66.1,66147,8.98,1
rtt2,2.0,0,numbers10,2000,2,1790397731,cargo=4 rustc=0 cl=0 link=0 clippy-driver=0 ninja=0,1,100000,50,0,4.438,36.489,29.780,31.953,36.489,29.982,29.849,1503.6,66507,1503.6,1312.5,0.873,26.250,3.884,3.521,7612,3192,4684,0,6616659,1351,852,852,8111,8192,318,0,66.2,132333,17.02,1
rtt2,2.0,0,numbers10,5000,2,1790397735,cargo=4 rustc=0 cl=0 link=0 clippy-driver=0 ninja=0,1,100000,20,0,4.046,162.063,152.994,162.879,173.727,154.662,154.272,3097.3,32286,3097.3,2906.2,0.938,145.312,4.621,4.200,7612,6804,10508,0,6629847,811,823,823,8111,8192,318,0,66.3,331492,41.10,1
rtt2,2.0,0,numbers10,10000,2,1790397739,cargo=4 rustc=0 cl=0 link=0 clippy-driver=0 ninja=0,1,100000,10,0,4.050,639.215,581.771,598.455,639.215,579.491,572.855,5799.0,17244,5799.0,5531.2,0.954,553.125,4.008,3.573,7616,15072,17748,0,6654371,631,826,826,8111,8192,318,0,66.5,665437,82.50,1
rtt2,2.0,0,numbers10,20000,2,1790397747,cargo=4 rustc=0 cl=0 link=0 clippy-driver=0 ninja=0,1,100000,5,0,4.580,2531.719,2125.889,2531.719,2531.719,2104.400,1997.571,10526.6,9500,10526.6,9828.1,0.934,1965.625,4.230,3.599,7604,32872,41584,0,6704167,541,831,831,8111,8192,318,0,67.0,1340833,166.00,1
rtt2,2.0,0,numbers10,50,3,1790397759,cargo=4 rustc=0 cl=0 link=0 clippy-driver=0 ninja=0,1,100000,2000,0,4.084,4.292,4.189,4.746,5.840,4.230,4.230,8466.7,11811,8466.7,531.2,0.063,0.266,3.622,3.561,7628,312,172,0,6715233,34451,2001,2001,3407,8192,318,0,67.2,3358,1.00,1
rtt2,2.0,0,numbers10,100,3,1790397769,cargo=4 rustc=0 cl=0 link=0 clippy-driver=0 ninja=0,1,100000,1000,0,4.802,4.557,4.793,5.337,6.339,4.788,4.788,4793.8,20860,4793.8,546.9,0.114,0.547,4.102,3.502,7616,492,396,0,6655799,17451,1001,1001,6742,8192,318,0,66.6,6656,1.00,1
rtt2,2.0,0,numbers10,250,3,1790397776,cargo=4 rustc=0 cl=0 link=0 clippy-driver=0 ninja=0,1,100000,400,0,4.469,5.822,6.142,7.063,25.003,6.350,6.352,2545.0,39293,2545.0,546.9,0.215,1.367,4.082,3.630,7624,864,1060,0,6628647,7251,1192,1192,8111,8192,318,0,66.3,16572,2.98,1
rtt2,2.0,0,numbers10,500,3,1790397780,cargo=4 rustc=0 cl=0 link=0 clippy-driver=0 ninja=0,1,100000,200,0,4.705,7.689,7.383,8.303,11.330,7.537,7.537,1512.4,66121,1512.4,593.8,0.393,2.969,4.237,3.631,7620,1192,1496,0,6618211,4051,997,997,8111,8192,318,0,66.2,33091,4.98,1
rtt2,2.0,0,numbers10,1000,3,1790397783,cargo=4 rustc=0 cl=0 link=0 clippy-driver=0 ninja=0,1,100000,100,0,4.753,13.358,13.224,14.813,16.565,13.458,13.459,1350.6,74039,1350.6,921.9,0.683,9.219,4.105,3.606,7608,1888,2568,0,6614663,2251,899,899,8111,8192,318,0,66.1,66147,8.98,1
rtt2,2.0,0,numbers10,2000,3,1790397786,cargo=4 rustc=0 cl=0 link=0 clippy-driver=0 ninja=0,1,100000,50,0,5.627,35.916,30.509,35.017,36.947,31.223,31.127,1566.8,63823,1566.8,1406.2,0.898,28.125,3.956,3.636,7604,3176,4552,0,6616659,1351,852,852,8111,8192,318,0,66.2,132333,17.02,1
rtt2,2.0,0,numbers10,5000,3,1790397790,cargo=4 rustc=0 cl=0 link=0 clippy-driver=0 ninja=0,1,100000,20,0,4.581,165.869,150.571,179.890,214.969,157.277,156.825,3150.2,31744,3150.2,2843.8,0.903,142.188,4.006,3.561,7604,7136,10400,0,6629847,811,823,823,8111,8192,318,0,66.3,331492,41.10,1
rtt2,2.0,0,numbers10,10000,3,1790397795,cargo=4 rustc=0 cl=0 link=0 clippy-driver=0 ninja=0,1,100000,10,0,4.868,624.763,568.296,585.899,624.763,569.005,562.810,5694.9,17559,5694.9,5406.2,0.949,540.625,4.077,3.636,7608,16868,19972,0,6654371,631,826,826,8111,8192,318,0,66.5,665437,82.50,1
rtt2,2.0,0,numbers10,20000,3,1790397802,cargo=4 rustc=0 cl=0 link=0 clippy-driver=0 ninja=0,1,100000,5,0,4.557,2443.797,2333.112,2443.797,2443.797,2233.105,2180.432,11170.1,8952,11170.1,10546.9,0.944,2109.375,3.920,3.613,7604,28892,36092,0,6704167,541,831,831,8111,8192,318,0,67.0,1340833,166.00,1
rtt2,2.0,0,text5date2,25,1,1790397818,cargo=4 rustc=0 cl=0 link=0 clippy-driver=0 ninja=0,1,56475,2259,1,5.017,5.125,4.283,4.874,6.877,4.425,4.425,10003.9,5645,17713.9,515.6,0.052,0.228,4.082,3.636,7616,380,308,0,18244536,39238,2944,2944,8111,8192,318,0,323.1,8076,1.30,1
rtt2,2.0,0,text5date2,50,1,1790397830,cargo=4 rustc=0 cl=0 link=0 clippy-driver=0 ninja=0,1,100000,2000,0,4.993,4.901,4.342,4.897,6.187,4.459,4.459,8924.6,11205,8924.6,687.5,0.077,0.344,3.650,3.501,7612,636,728,0,32199079,34835,4256,4256,8111,8192,318,0,322.0,16100,2.13,1
rtt2,2.0,0,text5date2,100,1,1790397840,cargo=4 rustc=0 cl=0 link=0 clippy-driver=0 ninja=0,1,100000,1000,0,4.403,5.701,5.211,5.929,8.283,5.271,5.271,5276.4,18952,5276.4,843.8,0.160,0.844,4.217,3.610,7608,824,872,0,32147055,17835,4002,4002,8111,8192,318,0,321.5,32147,4.00,1
rtt2,2.0,0,text5date2,250,1,1790397847,cargo=4 rustc=0 cl=0 link=0 clippy-driver=0 ninja=0,1,100000,400,0,4.804,8.115,7.764,9.352,35.664,8.076,8.076,3235.5,30907,3235.5,1062.5,0.328,2.656,3.629,3.575,7608,1292,1340,0,32117843,7635,4002,4002,8111,8192,318,0,321.2,80295,10.00,1
rtt2,2.0,0,text5date2,500,1,1790397852,cargo=4 rustc=0 cl=0 link=0 clippy-driver=0 ninja=0,1,100000,200,0,4.983,16.617,12.602,14.781,17.641,12.779,12.760,2561.1,39046,2561.1,1468.8,0.573,7.344,4.097,3.366,7612,2244,2432,0,32109107,4435,4002,4002,8111,8192,318,0,321.1,160546,20.00,1
rtt2,2.0,0,text5date2,1000,1,1790397857,cargo=4 rustc=0 cl=0 link=0 clippy-driver=0 ninja=0,1,100000,100,0,5.147,49.297,28.245,42.532,50.735,30.344,30.152,3039.6,32899,3039.6,2421.9,0.797,24.219,4.127,3.609,7612,3372,3888,0,32106039,2635,4002,4002,8111,8192,318,0,321.1,321060,40.01,1
rtt2,2.0,0,text5date2,2000,1,1790397861,cargo=4 rustc=0 cl=0 link=0 clippy-driver=0 ninja=0,1,100000,50,0,5.116,161.695,89.229,127.181,161.695,96.510,95.180,4830.7,20701,4830.7,4421.9,0.915,88.438,4.138,3.592,7608,6260,7724,0,32107505,1735,4002,4002,8111,8192,318,0,321.1,642150,80.02,1
rtt2,2.0,0,text5date2,5000,1,1790397868,cargo=4 rustc=0 cl=0 link=0 clippy-driver=0 ninja=0,1,75000,15,1,4.328,955.987,652.049,749.612,955.987,673.541,653.366,10107.5,7420,13476.6,9640.6,0.954,642.708,4.133,3.616,7616,12992,14576,0,24093261,1105,2974,2974,8111,8192,318,0,321.2,1606217,198.20,1
rtt2,2.0,0,text5date2,25,2,1790397880,cargo=4 rustc=0 cl=0 link=0 clippy-driver=0 ninja=0,1,55575,2223,1,5.083,4.401,4.394,4.971,8.249,4.497,4.497,10004.4,5555,18001.7,468.8,0.047,0.211,4.109,3.517,7616,468,396,0,17953782,38626,2896,2896,8111,8192,318,0,323.1,8076,1.30,1
rtt2,2.0,0,text5date2,50,2,1790397891,cargo=4 rustc=0 cl=0 link=0 clippy-driver=0 ninja=0,1,100000,2000,0,4.359,4.981,4.409,4.997,15.114,4.513,4.513,9033.2,11070,9033.2,468.8,0.052,0.234,3.664,3.608,7612,608,696,0,32199079,34835,4256,4256,8111,8192,318,0,322.0,16100,2.13,1
rtt2,2.0,0,text5date2,100,2,1790397902,cargo=4 rustc=0 cl=0 link=0 clippy-driver=0 ninja=0,1,100000,1000,0,4.527,5.107,5.023,5.641,6.572,5.072,5.072,5077.8,19693,5077.8,484.4,0.095,0.484,3.743,3.576,7612,776,824,0,32147055,17835,4002,4002,8111,8192,318,0,321.5,32147,4.00,1
rtt2,2.0,0,text5date2,250,2,1790397909,cargo=4 rustc=0 cl=0 link=0 clippy-driver=0 ninja=0,1,100000,400,0,4.851,9.084,7.316,8.149,13.625,7.407,7.402,2967.9,33694,2967.9,921.9,0.311,2.305,3.780,3.491,7608,1212,1296,0,32117843,7635,4002,4002,8111,8192,318,0,321.2,80295,10.00,1
rtt2,2.0,0,text5date2,500,2,1790397913,cargo=4 rustc=0 cl=0 link=0 clippy-driver=0 ninja=0,1,100000,200,0,5.081,14.354,11.809,14.354,19.046,12.259,12.248,2457.0,40699,2457.0,1421.9,0.579,7.109,3.931,3.523,7612,2500,2420,0,32109107,4435,4002,4002,8111,8192,318,0,321.1,160546,20.00,1
rtt2,2.0,0,text5date2,1000,2,1790397917,cargo=4 rustc=0 cl=0 link=0 clippy-driver=0 ninja=0,1,100000,100,0,4.661,55.631,26.352,35.760,55.631,28.172,27.895,2822.0,35436,2822.0,2265.6,0.803,22.656,3.974,3.606,7620,3452,3756,0,32106039,2635,4002,4002,8111,8192,318,0,321.1,321060,40.01,1
rtt2,2.0,0,text5date2,2000,2,1790397922,cargo=4 rustc=0 cl=0 link=0 clippy-driver=0 ninja=0,1,100000,50,0,5.352,159.714,86.126,118.482,159.714,92.164,90.785,4613.6,21675,4613.6,4312.5,0.935,86.250,4.158,3.500,7616,6428,7228,0,32107505,1735,4002,4002,8111,8192,318,0,321.1,642150,80.02,1
rtt2,2.0,0,text5date2,5000,2,1790397928,cargo=4 rustc=0 cl=0 link=0 clippy-driver=0 ninja=0,1,75000,15,1,4.406,952.938,640.846,826.068,952.938,670.027,649.819,10054.8,7459,13406.4,9687.5,0.963,645.833,3.698,3.451,7604,14064,15756,0,24093261,1105,2974,2974,8111,8192,318,0,321.2,1606217,198.20,1
rtt2,2.0,0,text5date2,25,3,1790397940,cargo=4 rustc=0 cl=0 link=0 clippy-driver=0 ninja=0,1,56575,2263,1,4.227,5.493,4.276,4.854,7.045,4.416,4.416,10000.5,5657,17676.6,578.1,0.058,0.255,3.667,3.488,7616,472,428,0,18276793,39306,2949,2949,8111,8192,318,0,323.1,8076,1.30,1
rtt2,2.0,0,text5date2,50,3,1790397951,cargo=4 rustc=0 cl=0 link=0 clippy-driver=0 ninja=0,1,100000,2000,0,4.714,4.450,4.334,4.906,7.214,4.453,4.453,8913.4,11219,8913.4,640.6,0.072,0.320,3.981,3.620,7612,644,700,0,32199079,34835,4256,4256,8111,8192,318,0,322.0,16100,2.13,1
rtt2,2.0,0,text5date2,100,3,1790397962,cargo=4 rustc=0 cl=0 link=0 clippy-driver=0 ninja=0,1,100000,1000,0,4.854,5.574,5.039,5.598,8.420,5.076,5.075,5081.5,19679,5081.5,562.5,0.111,0.562,3.712,3.630,7608,880,944,0,32147055,17835,4002,4002,8111,8192,318,0,321.5,32147,4.00,1
rtt2,2.0,0,text5date2,250,3,1790397969,cargo=4 rustc=0 cl=0 link=0 clippy-driver=0 ninja=0,1,100000,400,0,5.137,7.758,7.326,8.160,11.069,7.394,7.393,2963.2,33747,2963.2,828.1,0.279,2.070,3.782,3.437,7608,1268,1284,0,32117843,7635,4002,4002,8111,8192,318,0,321.2,80295,10.00,1
rtt2,2.0,0,text5date2,500,3,1790397973,cargo=4 rustc=0 cl=0 link=0 clippy-driver=0 ninja=0,1,100000,200,0,4.425,14.610,12.057,13.858,16.422,12.193,12.181,2443.2,40930,2443.2,1218.8,0.499,6.094,3.683,3.500,7608,2532,2600,0,32109107,4435,4002,4002,8111,8192,318,0,321.1,160546,20.00,1
rtt2,2.0,0,text5date2,1000,3,1790397978,cargo=4 rustc=0 cl=0 link=0 clippy-driver=0 ninja=0,1,100000,100,0,5.310,47.687,26.859,37.783,47.687,28.617,28.424,2867.2,34877,2867.2,2421.9,0.845,24.219,3.724,3.532,7612,3240,3800,0,32106039,2635,4002,4002,8111,8192,318,0,321.1,321060,40.01,1
rtt2,2.0,0,text5date2,2000,3,1790397982,cargo=4 rustc=0 cl=0 link=0 clippy-driver=0 ninja=0,1,100000,50,0,4.809,153.795,85.870,112.012,153.795,91.549,90.278,4582.3,21823,4582.3,4203.1,0.917,84.062,3.923,3.622,7604,6584,7300,0,32107505,1735,4002,4002,8111,8192,318,0,321.1,642150,80.02,1
rtt2,2.0,0,text5date2,5000,3,1790397988,cargo=4 rustc=0 cl=0 link=0 clippy-driver=0 ninja=0,1,80000,16,1,4.887,1035.632,632.707,759.094,1035.632,658.083,632.913,10534.2,7594,13167.8,9906.2,0.940,619.141,4.119,3.483,7604,13244,14748,0,25698205,1123,3172,3172,8111,8192,318,0,321.2,1606138,198.19,1
rtt2,2.0,0,wide4k,1,1,1790398004,cargo=4 rustc=0 cl=0 link=0 clippy-driver=0 ninja=0,1,2000,2000,0,4.863,4.156,4.617,5.261,19.053,4.629,4.630,9265.5,216,463276.0,296.9,0.032,0.148,4.096,3.594,7608,368,264,0,32187643,34483,4001,4001,8111,8192,318,0,16093.8,16094,2.00,1
rtt2,2.0,0,wide4k,2,1,1790398015,cargo=4 rustc=0 cl=0 link=0 clippy-driver=0 ninja=0,1,2000,1000,0,4.918,4.892,4.752,5.378,7.663,4.824,4.824,4830.0,414,241501.2,203.1,0.042,0.203,4.139,3.574,7612,512,544,0,32138903,17483,4001,4001,8111,8192,318,0,16069.5,32139,4.00,1
rtt2,2.0,0,wide4k,5,1,1790398021,cargo=4 rustc=0 cl=0 link=0 clippy-driver=0 ninja=0,1,2000,400,0,4.955,6.833,6.196,6.973,8.350,6.222,6.221,2494.2,802,124710.4,109.4,0.044,0.273,4.126,3.582,7612,940,1176,0,32109660,7283,4001,4001,8111,8192,318,0,16054.8,80274,10.00,1
rtt2,2.0,0,wide4k,10,1,1790398026,cargo=4 rustc=0 cl=0 link=0 clippy-driver=0 ninja=0,1,2000,200,0,5.310,9.769,8.364,9.769,23.522,8.613,8.607,1728.0,1157,86401.0,171.9,0.099,0.859,3.682,3.613,7616,1832,2184,0,32099932,3883,4001,4001,8111,8192,318,0,16050.0,160500,20.00,1
rtt2,2.0,0,wide4k,25,1,1790398029,cargo=4 rustc=0 cl=0 link=0 clippy-driver=0 ninja=0,1,2000,80,0,4.730,21.081,17.776,20.505,23.009,17.864,17.823,1433.9,1395,71697.4,765.6,0.534,9.570,4.193,3.670,7616,3052,3976,0,32094142,1843,4001,4001,8111,8192,318,0,16047.1,401177,50.00,1
rtt2,2.0,0,wide4k,50,1,1790398032,cargo=4 rustc=0 cl=0 link=0 clippy-driver=0 ninja=0,1,2000,40,0,5.262,67.051,34.223,66.224,69.946,41.371,40.713,1660.2,1205,83007.9,1218.8,0.734,30.469,3.970,3.615,7608,5288,5700,0,32091892,1163,3961,3961,8111,8192,318,0,16045.9,802297,99.00,1
rtt2,2.0,0,wide4k,100,1,1790398036,cargo=4 rustc=0 cl=0 link=0 clippy-driver=0 ninja=0,1,2000,20,0,5.310,229.829,140.802,228.617,243.380,154.472,150.506,3094.8,646,154738.6,2718.8,0.878,135.938,3.931,3.402,7608,10040,11404,0,32091118,823,3961,3961,8111,8192,318,0,16045.6,1604556,198.00,1
rtt2,2.0,0,wide4k,250,1,1790398041,cargo=4 rustc=0 cl=0 link=0 clippy-driver=0 ninja=0,1,2000,8,0,5.478,1493.218,869.307,1286.679,1493.218,1004.056,934.176,8037.9,249,401896.9,7687.5,0.956,960.938,4.866,4.130,7604,19952,23312,0,32091132,619,3961,3961,8111,8192,318,0,16045.6,4011392,495.00,1
rtt2,2.0,0,wide4k,1,2,1790398050,cargo=4 rustc=0 cl=0 link=0 clippy-driver=0 ninja=0,1,2000,2000,0,4.392,4.222,4.506,4.967,6.472,4.516,4.516,9038.3,221,451914.7,281.2,0.031,0.141,4.159,3.648,7608,372,268,0,32187643,34483,4001,4001,8111,8192,318,0,16093.8,16094,2.00,1
rtt2,2.0,0,wide4k,2,2,1790398061,cargo=4 rustc=0 cl=0 link=0 clippy-driver=0 ninja=0,1,2000,1000,0,5.363,4.680,4.684,5.233,6.416,4.719,4.719,4725.6,423,236277.6,203.1,0.043,0.203,4.220,4.051,7604,508,544,0,32138903,17483,4001,4001,8111,8192,318,0,16069.5,32139,4.00,1
rtt2,2.0,0,wide4k,5,2,1790398068,cargo=4 rustc=0 cl=0 link=0 clippy-driver=0 ninja=0,1,2000,400,0,4.352,7.322,5.896,6.698,9.991,6.001,5.998,2405.1,832,120254.3,375.0,0.156,0.938,4.157,3.593,7616,924,1168,0,32109660,7283,4001,4001,8111,8192,318,0,16054.8,80274,10.00,1
rtt2,2.0,0,wide4k,10,2,1790398072,cargo=4 rustc=0 cl=0 link=0 clippy-driver=0 ninja=0,1,2000,200,0,4.254,7.745,8.335,9.237,10.436,8.372,8.375,1678.8,1191,83942.4,296.9,0.177,1.484,4.129,3.796,7608,1748,1952,0,32099932,3883,4001,4001,8111,8192,318,0,16050.0,160500,20.00,1
rtt2,2.0,0,wide4k,25,2,1790398075,cargo=4 rustc=0 cl=0 link=0 clippy-driver=0 ninja=0,1,2000,80,0,4.825,17.982,17.994,20.450,22.275,17.938,17.937,1439.9,1389,71996.4,781.2,0.543,9.766,3.687,3.356,7616,3208,3980,0,32094142,1843,4001,4001,8111,8192,318,0,16047.1,401177,50.00,1
rtt2,2.0,0,wide4k,50,2,1790398078,cargo=4 rustc=0 cl=0 link=0 clippy-driver=0 ninja=0,1,2000,40,0,4.725,64.312,33.602,53.052,64.312,36.895,36.192,1480.6,1351,74027.8,1093.8,0.739,27.344,4.121,3.610,7604,5184,5664,0,32091892,1163,3961,3961,8111,8192,318,0,16045.9,802297,99.00,1
rtt2,2.0,0,wide4k,100,2,1790398081,cargo=4 rustc=0 cl=0 link=0 clippy-driver=0 ninja=0,1,2000,20,0,4.156,219.999,129.207,214.174,227.650,140.086,135.880,2805.9,713,140294.9,2468.8,0.880,123.438,4.173,3.586,7608,9976,10976,0,32091118,823,3961,3961,8111,8192,318,0,16045.6,1604556,198.00,1
rtt2,2.0,0,wide4k,250,2,1790398086,cargo=4 rustc=0 cl=0 link=0 clippy-driver=0 ninja=0,1,2000,8,0,5.951,1349.667,950.467,1310.067,1349.667,1013.127,965.050,8111.0,247,405549.2,7609.4,0.938,951.172,3.661,3.603,7608,20732,23140,0,32091132,619,3961,3961,8111,8192,318,0,16045.6,4011392,495.00,1
rtt2,2.0,0,wide4k,1,3,1790398096,cargo=4 rustc=0 cl=0 link=0 clippy-driver=0 ninja=0,1,2000,2000,0,5.030,4.658,4.600,5.091,19.001,4.587,4.587,9180.6,218,459031.5,312.5,0.034,0.156,3.725,3.532,7608,340,240,0,32187643,34483,4001,4001,8111,8192,318,0,16093.8,16094,2.00,1
rtt2,2.0,0,wide4k,2,3,1790398107,cargo=4 rustc=0 cl=0 link=0 clippy-driver=0 ninja=0,1,2000,1000,0,4.098,5.649,4.736,5.320,29.666,4.832,4.831,4836.6,414,241830.0,218.8,0.045,0.219,4.146,3.679,7612,520,544,0,32138903,17483,4001,4001,8111,8192,318,0,16069.5,32139,4.00,1
rtt2,2.0,0,wide4k,5,3,1790398113,cargo=4 rustc=0 cl=0 link=0 clippy-driver=0 ninja=0,1,2000,400,0,4.857,6.456,5.996,6.829,8.781,6.114,6.113,2450.8,816,122537.6,250.0,0.102,0.625,4.204,3.692,7668,896,1016,0,32109660,7283,4001,4001,8111,8192,318,0,16054.8,80274,10.00,1
rtt2,2.0,0,wide4k,10,3,1790398117,cargo=4 rustc=0 cl=0 link=0 clippy-driver=0 ninja=0,1,2000,200,0,4.944,9.358,8.231,9.271,10.959,8.380,8.375,1681.1,1190,84055.1,375.0,0.223,1.875,4.126,3.663,7608,1712,2188,0,32099932,3883,4001,4001,8111,8192,318,0,16050.0,160500,20.00,1
rtt2,2.0,0,wide4k,25,3,1790398120,cargo=4 rustc=0 cl=0 link=0 clippy-driver=0 ninja=0,1,2000,80,0,4.349,18.402,16.795,20.500,23.565,17.211,17.196,1381.3,1448,69066.4,625.0,0.452,7.812,4.107,3.596,7608,3104,4116,0,32094142,1843,4001,4001,8111,8192,318,0,16047.1,401177,50.00,1
rtt2,2.0,0,wide4k,50,3,1790398124,cargo=4 rustc=0 cl=0 link=0 clippy-driver=0 ninja=0,1,2000,40,0,4.144,63.699,34.568,58.078,63.699,39.013,38.380,1564.7,1278,78236.4,1203.1,0.769,30.078,4.065,3.639,7604,5356,5920,0,32091892,1163,3961,3961,8111,8192,318,0,16045.9,802297,99.00,1
rtt2,2.0,0,wide4k,100,3,1790398127,cargo=4 rustc=0 cl=0 link=0 clippy-driver=0 ninja=0,1,2000,20,0,3.923,220.121,117.956,209.502,228.709,138.769,134.487,2779.3,720,138966.4,2546.9,0.916,127.344,4.482,4.051,7616,10652,11980,0,32091118,823,3961,3961,8111,8192,318,0,16045.6,1604556,198.00,1
rtt2,2.0,0,wide4k,250,3,1790398131,cargo=4 rustc=0 cl=0 link=0 clippy-driver=0 ninja=0,1,2000,8,0,4.641,1385.820,882.680,1267.446,1385.820,986.808,929.806,7899.1,253,394955.8,7406.2,0.938,925.781,3.800,3.623,7612,20828,23648,0,32091132,619,3961,3961,8111,8192,318,0,16045.6,4011392,495.00,1
rtt10,10.0,0,numbers10,50,1,1790398144,cargo=4 rustc=0 cl=0 link=0 clippy-driver=0 ninja=0,1,39100,782,1,13.641,13.285,12.668,13.270,31.219,12.780,12.780,10008.8,3907,25597.9,234.4,0.023,0.300,12.228,11.825,7612,316,188,0,2616093,13745,783,783,3398,8192,318,0,66.9,3345,1.00,1
rtt10,10.0,0,numbers10,100,1,1790398156,cargo=4 rustc=0 cl=0 link=0 clippy-driver=0 ninja=0,1,77800,778,1,12.872,12.790,12.797,13.303,14.122,12.845,12.845,10007.1,7774,12862.6,312.5,0.031,0.402,12.268,11.955,7608,480,360,0,5172648,13677,779,779,6741,8192,318,0,66.5,6649,1.00,1
rtt10,10.0,0,numbers10,250,1,1790398168,cargo=4 rustc=0 cl=0 link=0 clippy-driver=0 ninja=0,1,100000,400,0,12.549,14.381,13.751,14.223,15.017,13.779,13.778,5524.7,18101,5524.7,515.6,0.093,1.289,12.136,11.991,7616,888,936,0,6628647,7251,1192,1192,8111,8192,318,0,66.3,16572,2.98,1
rtt10,10.0,0,numbers10,500,1,1790398175,cargo=4 rustc=0 cl=0 link=0 clippy-driver=0 ninja=0,1,100000,200,0,13.139,18.186,15.713,16.425,18.186,15.820,15.809,3177.4,31472,3177.4,1187.5,0.374,5.938,12.195,11.792,7604,1172,1452,0,6618211,4051,997,997,8111,8192,318,0,66.2,33091,4.98,1
rtt10,10.0,0,numbers10,1000,1,1790398180,cargo=4 rustc=0 cl=0 link=0 clippy-driver=0 ninja=0,1,100000,100,0,13.301,23.231,21.015,23.876,25.049,21.542,21.525,2167.6,46133,2167.6,843.8,0.389,8.438,11.963,11.617,7608,1872,2524,0,6614663,2251,899,899,8111,8192,318,0,66.1,66147,8.98,1
rtt10,10.0,0,numbers10,2000,1,1790398184,cargo=4 rustc=0 cl=0 link=0 clippy-driver=0 ninja=0,1,100000,50,0,12.695,41.439,38.777,40.886,43.730,39.008,38.958,1963.1,50939,1963.1,1296.9,0.661,25.938,12.079,11.926,7616,3196,4760,0,6616659,1351,852,852,8111,8192,318,0,66.2,132333,17.02,1
rtt10,10.0,0,numbers10,5000,1,1790398188,cargo=4 rustc=0 cl=0 link=0 clippy-driver=0 ninja=0,1,100000,20,0,12.514,169.180,156.084,161.977,169.180,157.226,156.597,3157.1,31675,3157.1,2781.2,0.881,139.062,12.011,11.812,7608,7328,10172,0,6629847,811,823,823,8111,8192,318,0,66.3,331492,41.10,1
rtt10,10.0,0,numbers10,10000,1,1790398193,cargo=4 rustc=0 cl=0 link=0 clippy-driver=0 ninja=0,1,100000,10,0,12.405,670.544,578.558,617.217,670.544,585.634,576.200,5868.8,17039,5868.8,5468.8,0.932,546.875,12.372,11.887,7604,16296,18796,0,6654371,631,826,826,8111,8192,318,0,66.5,665437,82.50,1
rtt10,10.0,0,numbers10,20000,1,1790398201,cargo=4 rustc=0 cl=0 link=0 clippy-driver=0 ninja=0,1,100000,5,0,12.393,2460.641,2245.093,2460.641,2460.641,2207.288,2143.950,11048.8,9051,11048.8,10515.6,0.952,2103.125,12.168,11.912,7620,30776,41932,0,6704167,541,831,831,8111,8192,318,0,67.0,1340833,166.00,1
rtt10,10.0,0,numbers10,50,2,1790398213,cargo=4 rustc=0 cl=0 link=0 clippy-driver=0 ninja=0,1,39450,789,1,13.122,12.614,12.607,13.121,16.080,12.657,12.657,10000.3,3945,25349.3,140.6,0.014,0.178,12.296,11.808,7604,424,288,0,2639599,13864,790,790,3398,8192,318,0,66.9,3345,1.00,1
rtt10,10.0,0,numbers10,100,2,1790398225,cargo=4 rustc=0 cl=0 link=0 clippy-driver=0 ninja=0,1,77700,777,1,13.163,13.696,12.846,13.292,14.376,12.866,12.865,10010.8,7762,12883.9,265.6,0.027,0.342,12.425,11.902,7608,428,300,0,5165960,13660,778,778,6741,8192,318,0,66.5,6649,1.00,1
rtt10,10.0,0,numbers10,250,2,1790398237,cargo=4 rustc=0 cl=0 link=0 clippy-driver=0 ninja=0,1,100000,400,0,12.490,14.367,13.906,14.428,15.624,13.905,13.904,5574.8,17938,5574.8,453.1,0.081,1.133,12.198,11.975,7612,896,960,0,6628647,7251,1192,1192,8111,8192,318,0,66.3,16572,2.98,1
rtt10,10.0,0,numbers10,500,2,1790398244,cargo=4 rustc=0 cl=0 link=0 clippy-driver=0 ninja=0,1,100000,200,0,13.490,17.010,15.778,16.547,18.189,15.834,15.828,3180.5,31442,3180.5,1234.4,0.388,6.172,12.003,11.853,7612,1316,1460,0,6618211,4051,997,997,8111,8192,318,0,66.2,33091,4.98,1
rtt10,10.0,0,numbers10,1000,2,1790398249,cargo=4 rustc=0 cl=0 link=0 clippy-driver=0 ninja=0,1,100000,100,0,12.794,21.625,21.093,22.433,24.559,21.274,21.270,2140.3,46723,2140.3,843.8,0.394,8.438,12.360,12.025,7612,1868,2532,0,6614663,2251,899,899,8111,8192,318,0,66.1,66147,8.98,1
rtt10,10.0,0,numbers10,2000,2,1790398253,cargo=4 rustc=0 cl=0 link=0 clippy-driver=0 ninja=0,1,100000,50,0,12.684,43.816,37.705,40.057,44.814,38.081,37.964,1916.8,52170,1916.8,1296.9,0.677,25.938,12.010,11.593,7616,3176,4644,0,6616659,1351,852,852,8111,8192,318,0,66.2,132333,17.02,1
rtt10,10.0,0,numbers10,5000,2,1790398257,cargo=4 rustc=0 cl=0 link=0 clippy-driver=0 ninja=0,1,100000,20,0,12.574,170.419,156.414,164.404,176.701,158.582,157.960,3184.2,31405,3184.2,2734.4,0.859,136.719,12.228,11.802,7620,9188,10948,0,6629847,811,823,823,8111,8192,318,0,66.3,331492,41.10,1
rtt10,10.0,0,numbers10,10000,2,1790398262,cargo=4 rustc=0 cl=0 link=0 clippy-driver=0 ninja=0,1,100000,10,0,12.682,665.318,601.514,618.805,665.318,603.335,596.448,6046.0,16540,6046.0,5687.5,0.941,568.750,12.155,11.811,7612,15408,18304,0,6654371,631,826,826,8111,8192,318,0,66.5,665437,82.50,1
rtt10,10.0,0,numbers10,20000,2,1790398269,cargo=4 rustc=0 cl=0 link=0 clippy-driver=0 ninja=0,1,100000,5,0,12.314,2424.645,2219.033,2424.645,2424.645,2120.588,2044.573,10615.3,9420,10615.3,10156.2,0.957,2031.250,12.427,11.899,7608,31268,39216,0,6704167,541,831,831,8111,8192,318,0,67.0,1340833,166.00,1
rtt10,10.0,0,numbers10,50,3,1790398282,cargo=4 rustc=0 cl=0 link=0 clippy-driver=0 ninja=0,1,39400,788,1,12.828,13.447,12.627,13.145,14.735,12.675,12.674,10001.7,3939,25385.0,375.0,0.037,0.476,11.954,11.522,7616,320,180,0,2636231,13847,789,789,3398,8192,318,0,66.9,3345,1.00,1
rtt10,10.0,0,numbers10,100,3,1790398294,cargo=4 rustc=0 cl=0 link=0 clippy-driver=0 ninja=0,1,77400,774,1,12.793,13.330,12.829,13.399,17.797,12.902,12.902,10000.0,7740,12919.9,359.4,0.036,0.464,11.918,11.678,7612,496,388,0,5146123,13609,775,775,6741,8192,318,0,66.5,6649,1.00,1
rtt10,10.0,0,numbers10,250,3,1790398305,cargo=4 rustc=0 cl=0 link=0 clippy-driver=0 ninja=0,1,100000,400,0,12.478,13.569,13.914,14.595,16.375,13.972,13.973,5601.8,17852,5601.8,468.8,0.084,1.172,12.147,11.738,7616,880,972,0,6628647,7251,1192,1192,8111,8192,318,0,66.3,16572,2.98,1
rtt10,10.0,0,numbers10,500,3,1790398313,cargo=4 rustc=0 cl=0 link=0 clippy-driver=0 ninja=0,1,100000,200,0,12.514,16.018,15.768,16.868,24.794,15.963,15.962,3205.3,31199,3205.3,312.5,0.097,1.562,12.098,11.745,7608,1196,1488,0,6618211,4051,997,997,8111,8192,318,0,66.2,33091,4.98,1
rtt10,10.0,0,numbers10,1000,3,1790398318,cargo=4 rustc=0 cl=0 link=0 clippy-driver=0 ninja=0,1,100000,100,0,12.705,22.691,20.993,22.691,24.615,21.274,21.259,2140.2,46725,2140.2,968.8,0.453,9.688,12.260,12.032,7604,1816,2700,0,6614663,2251,899,899,8111,8192,318,0,66.1,66147,8.98,1
rtt10,10.0,0,numbers10,2000,3,1790398322,cargo=4 rustc=0 cl=0 link=0 clippy-driver=0 ninja=0,1,100000,50,0,12.034,40.899,37.872,39.390,43.351,38.011,37.952,1912.6,52284,1912.6,1250.0,0.654,25.000,12.311,11.985,7608,3228,4512,0,6616659,1351,852,852,8111,8192,318,0,66.2,132333,17.02,1
rtt10,10.0,0,numbers10,5000,3,1790398325,cargo=4 rustc=0 cl=0 link=0 clippy-driver=0 ninja=0,1,100000,20,0,12.889,178.580,156.362,178.580,189.347,162.294,161.437,3258.8,30686,3258.8,2890.6,0.887,144.531,12.152,11.700,7624,6964,10092,0,6629847,811,823,823,8111,8192,318,0,66.3,331492,41.10,1
rtt10,10.0,0,numbers10,10000,3,1790398330,cargo=4 rustc=0 cl=0 link=0 clippy-driver=0 ninja=0,1,100000,10,0,12.603,644.803,570.471,588.711,644.803,572.535,564.505,5738.0,17428,5738.0,5390.6,0.939,539.062,12.232,11.978,7600,15008,18124,0,6654371,631,826,826,8111,8192,318,0,66.5,665437,82.50,1
rtt10,10.0,0,numbers10,20000,3,1790398338,cargo=4 rustc=0 cl=0 link=0 clippy-driver=0 ninja=0,1,100000,5,0,13.320,2590.384,2275.562,2590.384,2590.384,2273.913,2194.796,11382.9,8785,11382.9,10765.6,0.946,2153.125,12.305,11.805,7660,29488,38436,0,6704167,541,831,831,8111,8192,318,0,67.0,1340833,166.00,1
rtt10,10.0,0,text5date2,25,1,1790398355,cargo=4 rustc=0 cl=0 link=0 clippy-driver=0 ninja=0,1,19150,766,1,13.341,13.924,13.053,13.611,16.053,13.044,13.043,10005.8,1914,52249.6,187.5,0.019,0.245,12.416,12.125,7616,400,336,0,6186734,13857,998,998,8111,8192,318,0,323.1,8077,1.30,1
rtt10,10.0,0,text5date2,50,1,1790398367,cargo=4 rustc=0 cl=0 link=0 clippy-driver=0 ninja=0,1,38050,761,1,12.782,14.229,13.084,13.625,50.102,13.136,13.135,10010.1,3801,26307.7,234.4,0.023,0.308,12.774,12.468,7616,604,676,0,12251445,13772,1617,1617,8111,8192,318,0,322.0,16099,2.12,1
rtt10,10.0,0,text5date2,100,1,1790398379,cargo=4 rustc=0 cl=0 link=0 clippy-driver=0 ninja=0,1,72200,722,1,12.760,15.276,13.711,14.499,30.460,13.846,13.844,10010.5,7212,13865.0,296.9,0.030,0.411,12.252,11.872,7608,816,856,0,23210088,13109,2890,2890,8111,8192,318,0,321.5,32147,4.00,1
rtt10,10.0,0,text5date2,250,1,1790398391,cargo=4 rustc=0 cl=0 link=0 clippy-driver=0 ninja=0,1,100000,400,0,12.636,17.390,15.713,16.582,17.882,15.773,15.769,6322.2,15817,6322.2,1375.0,0.217,3.438,12.422,11.920,7608,1312,1360,0,32117843,7635,4002,4002,8111,8192,318,0,321.2,80295,10.00,1
rtt10,10.0,0,text5date2,500,1,1790398399,cargo=4 rustc=0 cl=0 link=0 clippy-driver=0 ninja=0,1,100000,200,0,13.111,24.002,19.994,22.211,26.523,20.377,20.359,4088.7,24458,4088.7,1296.9,0.317,6.484,12.415,11.951,7616,2344,2424,0,32109107,4435,4002,4002,8111,8192,318,0,321.1,160546,20.00,1
rtt10,10.0,0,text5date2,1000,1,1790398405,cargo=4 rustc=0 cl=0 link=0 clippy-driver=0 ninja=0,1,100000,100,0,12.550,55.811,35.984,47.129,55.811,37.581,37.396,3770.7,26520,3770.7,2390.6,0.634,23.906,12.417,11.955,7616,3828,4160,0,32106039,2635,4002,4002,8111,8192,318,0,321.1,321060,40.01,1
rtt10,10.0,0,text5date2,2000,1,1790398411,cargo=4 rustc=0 cl=0 link=0 clippy-driver=0 ninja=0,1,100000,50,0,12.863,193.957,103.850,127.110,193.957,110.365,108.659,5531.1,18079,5531.1,4812.5,0.870,96.250,12.000,11.800,7616,6376,7508,0,32107505,1735,4002,4002,8111,8192,318,0,321.1,642150,80.02,1
rtt10,10.0,0,text5date2,5000,1,1790398418,cargo=4 rustc=0 cl=0 link=0 clippy-driver=0 ninja=0,1,75000,15,1,12.917,1017.869,674.210,836.978,1017.869,707.249,685.062,10621.7,7061,14162.2,10015.6,0.943,667.708,12.175,11.786,7600,13156,14760,0,24093261,1105,2974,2974,8111,8192,318,0,321.2,1606217,198.20,1
rtt10,10.0,0,text5date2,25,2,1790398431,cargo=4 rustc=0 cl=0 link=0 clippy-driver=0 ninja=0,1,19225,769,1,12.392,13.271,12.974,13.543,19.430,13.005,13.004,10013.8,1920,52087.5,203.1,0.020,0.264,12.503,12.028,7612,392,332,0,6211006,13908,1002,1002,8111,8192,318,0,323.1,8077,1.30,1
rtt10,10.0,0,text5date2,50,2,1790398443,cargo=4 rustc=0 cl=0 link=0 clippy-driver=0 ninja=0,1,38100,762,1,12.955,14.085,13.084,13.669,23.483,13.120,13.119,10011.4,3806,26276.8,281.2,0.028,0.369,12.654,12.435,7624,608,676,0,12267702,13789,1620,1620,8111,8192,318,0,322.0,16099,2.12,1
rtt10,10.0,0,text5date2,100,2,1790398455,cargo=4 rustc=0 cl=0 link=0 clippy-driver=0 ninja=0,1,73000,730,1,12.365,14.177,13.613,14.386,16.820,13.698,13.697,10012.5,7291,13715.8,531.2,0.053,0.728,12.450,12.112,7612,752,796,0,23467239,13245,2922,2922,8111,8192,318,0,321.5,32147,4.00,1
rtt10,10.0,0,text5date2,250,2,1790398467,cargo=4 rustc=0 cl=0 link=0 clippy-driver=0 ninja=0,1,100000,400,0,13.184,18.692,15.651,16.511,19.340,15.707,15.700,6296.4,15882,6296.4,656.2,0.104,1.641,12.462,12.124,7616,1228,1364,0,32117843,7635,4002,4002,8111,8192,318,0,321.2,80295,10.00,1
rtt10,10.0,0,text5date2,500,2,1790398475,cargo=4 rustc=0 cl=0 link=0 clippy-driver=0 ninja=0,1,100000,200,0,12.841,27.321,20.065,22.345,27.321,20.430,20.395,4099.0,24396,4099.0,1312.5,0.320,6.562,12.550,11.793,7604,2412,2656,0,32109107,4435,4002,4002,8111,8192,318,0,321.1,160546,20.00,1
rtt10,10.0,0,text5date2,1000,2,1790398481,cargo=4 rustc=0 cl=0 link=0 clippy-driver=0 ninja=0,1,100000,100,0,12.469,57.920,38.722,51.085,61.941,40.579,40.404,4070.5,24567,4070.5,2609.4,0.641,26.094,12.672,11.779,7608,3608,4436,0,32106039,2635,4002,4002,8111,8192,318,0,321.1,321060,40.01,1
rtt10,10.0,0,text5date2,2000,2,1790398487,cargo=4 rustc=0 cl=0 link=0 clippy-driver=0 ninja=0,1,100000,50,0,13.039,164.369,107.142,137.180,166.749,111.094,110.007,5567.8,17960,5567.8,4781.2,0.859,95.625,12.437,11.965,7676,6988,7552,0,32107505,1735,4002,4002,8111,8192,318,0,321.1,642150,80.02,1
rtt10,10.0,0,text5date2,5000,2,1790398494,cargo=4 rustc=0 cl=0 link=0 clippy-driver=0 ninja=0,1,65000,13,1,12.874,1081.725,768.906,860.150,1081.725,770.595,744.668,10030.6,6480,15431.7,9421.9,0.939,724.760,12.090,11.956,7600,13260,14716,0,20883531,1069,2578,2578,8111,8192,318,0,321.3,1606425,198.23,1
rtt10,10.0,0,text5date2,25,3,1790398506,cargo=4 rustc=0 cl=0 link=0 clippy-driver=0 ninja=0,1,18800,752,1,12.655,12.934,13.250,13.804,18.321,13.284,13.285,10003.3,1879,53209.2,218.8,0.022,0.291,12.698,12.286,7624,332,232,0,6073736,13619,980,980,8111,8192,318,0,323.1,8077,1.30,1
rtt10,10.0,0,text5date2,50,3,1790398518,cargo=4 rustc=0 cl=0 link=0 clippy-driver=0 ninja=0,1,31150,623,1,13.666,13.750,13.445,18.898,135.468,16.054,16.058,10016.1,3110,32154.4,265.6,0.027,0.426,12.501,12.212,7620,604,668,0,10029891,11426,1324,1324,8111,8192,318,0,322.0,16099,2.12,1
rtt10,10.0,0,text5date2,100,3,1790398536,cargo=5 rustc=14 cl=0 link=0 clippy-driver=0 ninja=1,1,52000,520,1,39.251,78.604,17.108,23.619,80.188,19.184,19.069,10015.3,5192,19260.2,437.5,0.044,0.841,51.082,27.649,7584,760,796,0,16716469,9675,2082,2082,8111,8192,318,0,321.5,32147,4.00,1
rtt10,10.0,0,text5date2,250,3,1790398563,cargo=5 rustc=1 cl=14 link=0 clippy-driver=0 ninja=1,1,100000,400,0,13.733,19.289,18.187,24.586,78.589,19.877,19.878,7964.9,12555,7964.9,1187.5,0.149,2.969,14.451,13.160,7616,1316,1352,0,32117843,7635,4002,4002,8111,8192,318,0,321.2,80295,10.00,1
rtt10,10.0,0,text5date2,500,3,1790398573,cargo=5 rustc=2 cl=0 link=0 clippy-driver=0 ninja=1,1,100000,200,0,13.593,27.474,22.400,26.526,73.230,23.098,23.076,4633.4,21582,4633.4,1562.5,0.337,7.812,12.960,12.474,7608,2404,2428,0,32109107,4435,4002,4002,8111,8192,318,0,321.1,160546,20.00,1
rtt10,10.0,0,text5date2,1000,3,1790398580,cargo=5 rustc=2 cl=0 link=0 clippy-driver=0 ninja=1,1,100000,100,0,13.754,59.342,39.019,51.212,59.342,41.069,40.885,4120.8,24267,4120.8,2687.5,0.652,26.875,12.445,12.330,7624,3496,3992,0,32106039,2635,4002,4002,8111,8192,318,0,321.1,321060,40.01,1
rtt10,10.0,0,text5date2,2000,3,1790398586,cargo=5 rustc=3 cl=0 link=0 clippy-driver=0 ninja=1,1,100000,50,0,13.400,204.121,131.820,155.185,204.374,136.034,134.645,6815.2,14673,6815.2,5906.2,0.867,118.125,12.707,12.309,7608,6948,7932,0,32107505,1735,4002,4002,8111,8192,318,0,321.1,642150,80.02,1
rtt10,10.0,0,text5date2,5000,3,1790398595,cargo=5 rustc=2 cl=0 link=0 clippy-driver=0 ninja=1,1,65000,13,1,12.522,1117.663,759.650,911.981,1117.663,795.774,768.950,10357.6,6276,15934.8,9750.0,0.941,750.000,12.772,12.313,7656,13028,14644,0,20883531,1069,2578,2578,8111,8192,318,0,321.3,1606425,198.23,1
rtt10,10.0,0,wide4k,1,1,1790398654,cargo=4 rustc=0 cl=0 link=0 clippy-driver=0 ninja=0,1,772,772,1,13.017,13.148,12.942,13.402,15.799,12.952,12.952,10012.6,77,1296975.4,125.0,0.012,0.162,12.041,11.838,7608,352,240,0,12424224,13607,1545,1545,8111,8192,318,0,16093.6,16094,2.00,1
rtt10,10.0,0,wide4k,2,1,1790398666,cargo=4 rustc=0 cl=0 link=0 clippy-driver=0 ninja=0,1,1516,758,1,12.547,13.160,13.080,13.710,30.629,13.181,13.181,10004.8,152,659949.1,156.2,0.016,0.206,12.149,11.865,7672,496,552,0,24361013,13369,3033,3033,8111,8192,318,0,16069.3,32139,4.00,1
rtt10,10.0,0,wide4k,5,1,1790398678,cargo=4 rustc=0 cl=0 link=0 clippy-driver=0 ninja=0,1,2000,400,0,12.897,14.429,14.170,14.733,16.950,14.222,14.221,5702.1,351,285104.4,218.8,0.038,0.547,12.664,12.048,7612,932,1176,0,32109660,7283,4001,4001,8111,8192,318,0,16054.8,80274,10.00,1
rtt10,10.0,0,wide4k,10,1,1790398686,cargo=4 rustc=0 cl=0 link=0 clippy-driver=0 ninja=0,1,2000,200,0,13.624,17.585,16.742,17.831,20.244,16.867,16.863,3387.2,590,169362.0,218.8,0.065,1.094,12.313,11.973,7604,1560,1952,0,32099932,3883,4001,4001,8111,8192,318,0,16050.0,160500,20.00,1
rtt10,10.0,0,wide4k,25,1,1790398691,cargo=4 rustc=0 cl=0 link=0 clippy-driver=0 ninja=0,1,2000,80,0,13.026,29.368,26.502,29.876,34.467,26.555,26.520,2137.5,936,106876.2,781.2,0.365,9.766,12.512,11.809,7608,3504,4124,0,32094142,1843,4001,4001,8111,8192,318,0,16047.1,401177,50.00,1
rtt10,10.0,0,wide4k,50,1,1790398695,cargo=4 rustc=0 cl=0 link=0 clippy-driver=0 ninja=0,1,2000,40,0,12.883,75.287,46.264,70.013,76.977,50.742,50.112,2042.6,979,102129.9,1234.4,0.604,30.859,13.011,12.704,7616,5168,5704,0,32091892,1163,3961,3961,8111,8192,318,0,16045.9,802297,99.00,1
rtt10,10.0,0,wide4k,100,1,1790398699,cargo=4 rustc=0 cl=0 link=0 clippy-driver=0 ninja=1,1,2000,20,0,13.544,240.678,142.126,240.678,264.750,165.420,161.459,3322.0,602,166098.4,2921.9,0.880,146.094,12.899,12.515,7596,9816,11616,0,32091118,823,3961,3961,8111,8192,318,0,16045.6,1604556,198.00,1
rtt10,10.0,0,wide4k,250,1,1790398705,cargo=4 rustc=0 cl=1 link=0 clippy-driver=0 ninja=1,1,2000,8,0,12.813,1647.559,961.121,1412.313,1647.559,1102.193,1024.284,8830.4,226,441518.5,8125.0,0.920,1015.625,12.217,12.103,7600,20548,23988,0,32091132,619,3961,3961,8111,8192,318,0,16045.6,4011392,495.00,1
rtt10,10.0,0,wide4k,1,2,1790398716,cargo=4 rustc=0 cl=0 link=0 clippy-driver=0 ninja=0,1,760,760,1,12.628,13.146,13.124,13.654,26.378,13.141,13.141,10000.6,76,1315872.8,140.6,0.014,0.185,12.858,12.455,7608,340,240,0,12231096,13403,1521,1521,8111,8192,318,0,16093.5,16094,2.00,1
rtt10,10.0,0,wide4k,2,2,1790398728,cargo=4 rustc=0 cl=0 link=0 clippy-driver=0 ninja=0,1,1524,762,1,12.720,13.647,13.088,13.585,16.356,13.118,13.117,10009.4,152,656787.4,218.8,0.022,0.287,12.498,11.955,7604,516,552,0,24489826,13437,3049,3049,8111,8192,318,0,16069.4,32139,4.00,1
rtt10,10.0,0,wide4k,5,2,1790398739,cargo=4 rustc=0 cl=0 link=0 clippy-driver=0 ninja=0,1,2000,400,0,12.008,14.430,14.282,15.002,19.114,14.381,14.381,5764.9,347,288245.0,296.9,0.051,0.742,12.597,12.117,7604,944,1176,0,32109660,7283,4001,4001,8111,8192,318,0,16054.8,80274,10.00,1
rtt10,10.0,0,wide4k,10,2,1790398747,cargo=4 rustc=0 cl=0 link=0 clippy-driver=0 ninja=0,1,2000,200,0,12.947,16.779,16.435,17.523,18.961,16.595,16.594,3332.2,600,166609.9,328.1,0.098,1.641,12.324,12.153,7616,1580,1956,0,32099932,3883,4001,4001,8111,8192,318,0,16050.0,160500,20.00,1
rtt10,10.0,0,wide4k,25,2,1790398752,cargo=4 rustc=0 cl=0 link=0 clippy-driver=0 ninja=0,1,2000,80,0,13.439,25.821,25.164,28.332,31.873,25.300,25.294,2037.5,982,101877.2,703.1,0.345,8.789,12.264,11.884,7608,3136,3872,0,32094142,1843,4001,4001,8111,8192,318,0,16047.1,401177,50.00,1
rtt10,10.0,0,wide4k,50,2,1790398756,cargo=4 rustc=0 cl=0 link=0 clippy-driver=0 ninja=0,1,2000,40,0,12.696,65.808,41.574,62.170,72.272,44.236,43.683,1782.2,1122,89109.5,1046.9,0.587,26.172,12.333,11.826,7600,5384,6416,0,32091892,1163,3961,3961,8111,8192,318,0,16045.9,802297,99.00,1
rtt10,10.0,0,wide4k,100,2,1790398760,cargo=4 rustc=0 cl=0 link=0 clippy-driver=0 ninja=0,1,2000,20,0,12.452,229.670,153.043,213.847,229.670,151.217,147.088,3036.8,659,151841.2,2453.1,0.808,122.656,12.432,12.089,7616,9832,11216,0,32091118,823,3961,3961,8111,8192,318,0,16045.6,1604556,198.00,1
rtt10,10.0,0,wide4k,250,2,1790398765,cargo=4 rustc=0 cl=0 link=0 clippy-driver=0 ninja=0,1,2000,8,0,12.375,1383.721,872.902,1138.451,1383.721,952.025,890.355,7628.6,262,381429.4,7203.1,0.944,900.391,12.309,11.937,7616,20236,22800,0,32091132,619,3961,3961,8111,8192,318,0,16045.6,4011392,495.00,1
rtt10,10.0,0,wide4k,1,3,1790398774,cargo=4 rustc=0 cl=0 link=0 clippy-driver=0 ninja=0,1,772,772,1,12.242,13.092,12.963,13.378,14.091,12.943,12.942,10004.7,77,1295944.4,171.9,0.017,0.223,12.052,12.013,7624,328,240,0,12424224,13607,1545,1545,8111,8192,318,0,16093.6,16094,2.00,1
rtt10,10.0,0,wide4k,2,3,1790398786,cargo=4 rustc=0 cl=0 link=0 clippy-driver=0 ninja=0,1,1534,767,1,13.335,14.046,12.990,13.451,17.125,13.023,13.022,10002.8,153,652070.4,156.2,0.016,0.204,12.294,11.823,7608,516,552,0,24650521,13522,3069,3069,8111,8192,318,0,16069.4,32139,4.00,1
rtt10,10.0,0,wide4k,5,3,1790398797,cargo=4 rustc=0 cl=0 link=0 clippy-driver=0 ninja=0,1,2000,400,0,13.069,15.048,14.280,15.225,22.146,14.454,14.452,5794.9,345,289747.2,250.0,0.043,0.625,12.382,11.946,7616,932,1168,0,32109660,7283,4001,4001,8111,8192,318,0,16054.8,80274,10.00,1
rtt10,10.0,0,wide4k,10,3,1790398805,cargo=4 rustc=0 cl=0 link=0 clippy-driver=0 ninja=0,1,2000,200,0,12.944,17.628,16.534,17.664,20.100,16.645,16.640,3342.1,598,167103.9,406.2,0.122,2.031,12.368,11.900,7608,1824,2188,0,32099932,3883,4001,4001,8111,8192,318,0,16050.0,160500,20.00,1
rtt10,10.0,0,wide4k,25,3,1790398810,cargo=4 rustc=0 cl=0 link=0 clippy-driver=0 ninja=0,1,2000,80,0,12.899,29.639,24.513,28.747,35.597,25.166,25.109,2026.3,987,101312.6,640.6,0.316,8.008,12.435,11.844,7604,3160,4104,0,32094142,1843,4001,4001,8111,8192,318,0,16047.1,401177,50.00,1
rtt10,10.0,0,wide4k,50,3,1790398814,cargo=4 rustc=0 cl=0 link=0 clippy-driver=0 ninja=0,1,2000,40,0,13.114,79.100,41.379,70.054,79.100,47.008,46.185,1893.5,1056,94674.3,1078.1,0.569,26.953,12.205,11.847,7608,5184,5908,0,32091892,1163,3961,3961,8111,8192,318,0,16045.9,802297,99.00,1
rtt10,10.0,0,wide4k,100,3,1790398818,cargo=4 rustc=0 cl=0 link=0 clippy-driver=0 ninja=0,1,2000,20,0,12.959,226.100,145.852,228.252,250.657,163.023,159.703,3273.4,611,163672.4,2796.9,0.854,139.844,12.098,11.942,7608,10396,11976,0,32091118,823,3961,3961,8111,8192,318,0,16045.6,1604556,198.00,1
rtt10,10.0,0,wide4k,250,3,1790398823,cargo=4 rustc=0 cl=0 link=0 clippy-driver=0 ninja=0,1,2000,8,0,13.411,1431.542,900.144,1211.902,1431.542,979.157,914.531,7846.7,255,392333.8,7343.8,0.936,917.969,12.182,11.862,7600,20136,23060,0,32091132,619,3961,3961,8111,8192,318,0,16045.6,4011392,495.00,1
rtt40,40.0,0,numbers10,50,1,1790398836,cargo=4 rustc=0 cl=0 link=0 clippy-driver=0 ninja=0,1,11650,233,1,43.086,42.867,42.867,43.287,44.088,42.877,42.877,10033.6,1161,86125.6,62.5,0.006,0.268,42.233,41.734,7612,240,104,0,771779,4412,234,234,3398,8192,318,0,66.2,3312,1.00,1
rtt40,40.0,0,numbers10,100,1,1790398848,cargo=4 rustc=0 cl=0 link=0 clippy-driver=0 ninja=0,1,23200,232,1,42.122,44.084,43.025,43.609,44.999,43.066,43.061,10033.6,2312,43248.2,171.9,0.017,0.741,42.105,41.991,7600,356,308,0,1534481,4395,233,233,6726,8192,318,0,66.1,6614,1.00,1
rtt40,40.0,0,numbers10,250,1,1790398860,cargo=4 rustc=0 cl=0 link=0 clippy-driver=0 ninja=0,1,56500,226,1,42.663,45.455,44.153,44.784,46.066,44.215,44.209,10035.4,5630,17761.7,234.4,0.023,1.037,42.204,41.970,7604,916,1032,0,3737893,4293,670,670,8111,8192,318,0,66.2,16539,2.96,1
rtt40,40.0,0,numbers10,500,1,1790398873,cargo=4 rustc=0 cl=0 link=0 clippy-driver=0 ninja=0,1,100000,200,0,43.155,45.598,45.603,46.323,47.023,45.670,45.670,9177.3,10896,9177.3,609.4,0.066,3.047,42.160,41.879,7616,1200,1468,0,6618211,4051,997,997,8111,8192,318,0,66.2,33091,4.98,1
rtt40,40.0,0,numbers10,1000,1,1790398884,cargo=4 rustc=0 cl=0 link=0 clippy-driver=0 ninja=0,1,100000,100,0,43.259,51.049,52.170,54.295,57.001,52.488,52.502,5292.1,18896,5292.1,953.1,0.180,9.531,42.155,41.747,7608,1872,2536,0,6614663,2251,899,899,8111,8192,318,0,66.1,66147,8.98,1
rtt40,40.0,0,numbers10,2000,1,1790398892,cargo=4 rustc=0 cl=0 link=0 clippy-driver=0 ninja=0,1,100000,50,0,42.891,72.155,67.509,70.500,75.830,68.323,68.244,3459.1,28910,3459.1,1218.8,0.352,24.375,42.149,42.008,7616,3156,4748,0,6616659,1351,852,852,8111,8192,318,0,66.2,132333,17.02,1
rtt40,40.0,0,numbers10,5000,1,1790398897,cargo=4 rustc=0 cl=0 link=0 clippy-driver=0 ninja=0,1,100000,20,0,43.131,198.262,185.926,196.601,210.159,188.458,187.942,3812.3,26231,3812.3,2875.0,0.754,143.750,42.348,41.751,7664,6968,10428,0,6629847,811,823,823,8111,8192,318,0,66.3,331492,41.10,1
rtt40,40.0,0,numbers10,10000,1,1790398903,cargo=4 rustc=0 cl=0 link=0 clippy-driver=0 ninja=0,1,100000,10,0,43.118,649.496,618.042,634.514,649.496,614.020,610.078,6183.3,16173,6183.3,5578.1,0.902,557.812,42.096,41.887,7608,16296,19280,0,6654371,631,826,826,8111,8192,318,0,66.5,665437,82.50,1
rtt40,40.0,0,numbers10,20000,1,1790398912,cargo=4 rustc=0 cl=0 link=0 clippy-driver=0 ninja=0,1,100000,5,0,42.643,2588.518,2239.386,2588.518,2588.518,2176.832,2073.911,10926.8,9152,10926.8,10328.1,0.945,2065.625,42.206,41.879,7608,29652,37560,0,6704167,541,831,831,8111,8192,318,0,67.0,1340833,166.00,1
rtt40,40.0,0,numbers10,50,2,1790398925,cargo=4 rustc=0 cl=0 link=0 clippy-driver=0 ninja=0,1,11700,234,1,42.710,43.030,42.667,43.108,43.612,42.672,42.671,10028.2,1167,85711.5,31.2,0.003,0.134,42.254,41.966,7600,328,200,0,775097,4429,235,235,3398,8192,318,0,66.2,3312,1.00,1
rtt40,40.0,0,numbers10,100,2,1790398937,cargo=4 rustc=0 cl=0 link=0 clippy-driver=0 ninja=0,1,23200,232,1,42.791,42.654,42.988,43.520,44.103,43.042,43.043,10028.7,2313,43227.2,46.9,0.005,0.202,41.911,41.691,7616,348,236,0,1534481,4395,233,233,6726,8192,318,0,66.1,6614,1.00,1
rtt40,40.0,0,numbers10,250,2,1790398949,cargo=4 rustc=0 cl=0 link=0 clippy-driver=0 ninja=0,1,56250,225,1,42.884,44.658,44.193,44.903,52.186,44.317,44.316,10014.5,5617,17803.6,390.6,0.039,1.736,42.430,41.963,7608,896,1108,0,3721240,4276,667,667,8111,8192,318,0,66.2,16539,2.96,1
rtt40,40.0,0,numbers10,500,2,1790398962,cargo=4 rustc=0 cl=0 link=0 clippy-driver=0 ninja=1,1,84000,168,1,42.438,45.759,47.468,90.513,205.247,59.356,59.438,10014.4,8388,11922.0,671.9,0.067,3.999,42.022,41.735,7612,1192,1492,0,5556079,3475,837,837,8111,8192,318,0,66.1,33072,4.98,1
rtt40,40.0,0,numbers10,1000,2,1790398990,cargo=5 rustc=12 cl=0 link=0 clippy-driver=0 ninja=1,1,100000,100,0,43.095,58.468,59.393,95.337,294.838,70.221,70.339,7065.3,14154,7065.3,1203.1,0.170,12.031,45.841,43.652,7608,1852,2560,0,6614663,2251,899,899,8111,8192,318,0,66.1,66147,8.98,1
rtt40,40.0,0,numbers10,2000,2,1790399004,cargo=5 rustc=0 cl=16 link=0 clippy-driver=0 ninja=1,1,100000,50,0,44.113,85.956,74.289,87.825,103.230,77.094,76.913,3898.9,25648,3898.9,1609.4,0.413,32.188,42.397,42.180,7612,3232,4672,0,6616659,1351,852,852,8111,8192,318,0,66.2,132333,17.02,1
rtt40,40.0,0,numbers10,5000,2,1790399010,cargo=5 rustc=3 cl=0 link=0 clippy-driver=0 ninja=1,1,100000,20,0,43.025,238.258,207.020,222.946,238.258,207.660,206.049,4196.2,23831,4196.2,3187.5,0.760,159.375,42.719,42.634,7608,8192,10376,0,6629847,811,823,823,8111,8192,318,0,66.3,331492,41.10,1
rtt40,40.0,0,numbers10,10000,2,1790399017,cargo=5 rustc=2 cl=0 link=0 clippy-driver=0 ninja=1,1,100000,10,0,42.695,721.976,687.177,708.046,721.976,687.323,683.473,6915.9,14459,6915.9,6109.4,0.883,610.938,42.517,42.126,7608,14804,18240,0,6654371,631,826,826,8111,8192,318,0,66.5,665437,82.50,1
rtt40,40.0,0,numbers10,20000,2,1790399026,cargo=5 rustc=3 cl=0 link=0 clippy-driver=0 ninja=1,1,100000,5,0,42.936,2691.909,2448.146,2691.909,2691.909,2397.141,2323.449,12028.6,8313,12028.6,11296.9,0.939,2259.375,42.654,41.761,7612,31268,39352,0,6704167,541,831,831,8111,8192,318,0,67.0,1340833,166.00,1
rtt40,40.0,0,numbers10,50,3,1790399041,cargo=5 rustc=1 cl=0 link=0 clippy-driver=0 ninja=1,1,11650,233,1,42.311,42.991,42.816,43.318,43.977,42.848,42.847,10026.1,1162,86060.6,62.5,0.006,0.268,42.425,41.838,7620,244,128,0,771779,4412,234,234,3398,8192,318,0,66.2,3312,1.00,1
rtt40,40.0,0,numbers10,100,3,1790399053,cargo=5 rustc=1 cl=0 link=0 clippy-driver=0 ninja=1,1,22300,223,1,42.464,43.242,43.545,47.916,67.967,44.818,44.825,10037.2,2222,45009.8,140.6,0.014,0.631,42.380,41.992,7608,348,236,0,1474514,4242,224,224,6726,8192,318,0,66.1,6612,1.00,1
rtt40,40.0,0,numbers10,250,3,1790399067,cargo=4 rustc=0 cl=7 link=0 clippy-driver=0 ninja=1,1,44250,177,1,43.588,44.718,45.698,78.330,267.702,56.431,56.497,10032.0,4411,22671.2,312.5,0.031,1.766,43.290,42.314,7616,888,1008,0,2925002,3460,523,523,8111,8192,318,0,66.1,16525,2.95,1
rtt40,40.0,0,numbers10,500,3,1790399079,cargo=4 rustc=1 cl=0 link=0 clippy-driver=0 ninja=0,1,100000,200,0,42.542,47.009,45.953,46.862,48.179,46.025,46.020,9247.7,10813,9247.7,843.8,0.091,4.219,42.250,41.875,7616,1192,1480,0,6618211,4051,997,997,8111,8192,318,0,66.2,33091,4.98,1
rtt40,40.0,0,numbers10,1000,3,1790399091,cargo=4 rustc=1 cl=0 link=0 clippy-driver=0 ninja=0,1,100000,100,0,42.698,51.162,51.147,52.310,54.858,51.323,51.325,5175.1,19323,5175.1,843.8,0.163,8.438,42.360,41.638,7624,1880,2508,0,6614663,2251,899,899,8111,8192,318,0,66.1,66147,8.98,1
rtt40,40.0,0,numbers10,2000,3,1790399098,cargo=4 rustc=1 cl=0 link=0 clippy-driver=0 ninja=0,1,100000,50,0,42.758,74.867,67.885,70.605,77.240,68.493,68.363,3467.5,28839,3467.5,1250.0,0.360,25.000,42.090,41.645,7612,3272,4652,0,6616659,1351,852,852,8111,8192,318,0,66.2,132333,17.02,1
rtt40,40.0,0,numbers10,5000,3,1790399104,cargo=4 rustc=1 cl=0 link=0 clippy-driver=0 ninja=0,1,100000,20,0,42.619,202.906,189.393,200.671,215.765,191.365,190.757,3869.9,25840,3869.9,3000.0,0.775,150.000,42.516,41.712,7608,7252,10564,0,6629847,811,823,823,8111,8192,318,0,66.3,331492,41.10,1
rtt40,40.0,0,numbers10,10000,3,1790399110,cargo=4 rustc=1 cl=0 link=0 clippy-driver=0 ninja=0,1,100000,10,0,42.726,673.585,615.701,654.813,673.585,619.426,613.409,6237.0,16033,6237.0,5546.9,0.889,554.688,42.481,42.156,7616,15508,18052,0,6654371,631,826,826,8111,8192,318,0,66.5,665437,82.50,1
rtt40,40.0,0,numbers10,20000,3,1790399118,cargo=4 rustc=1 cl=0 link=0 clippy-driver=0 ninja=0,1,100000,5,0,42.845,2478.364,2251.662,2478.364,2478.364,2162.841,2083.960,10857.1,9211,10857.1,10203.1,0.940,2040.625,42.322,42.108,7612,29028,38972,0,6704167,541,831,831,8111,8192,318,0,67.0,1340833,166.00,1
rtt40,40.0,0,text5date2,25,1,1790399141,cargo=4 rustc=0 cl=0 link=0 clippy-driver=0 ninja=0,1,5775,231,1,42.506,43.496,43.037,43.783,49.003,43.139,43.137,10007.7,577,173294.4,78.1,0.008,0.338,42.462,42.025,7604,304,200,0,1865913,4762,300,300,8111,8192,318,0,323.1,8078,1.29,1
rtt40,40.0,0,text5date2,50,1,1790399154,cargo=4 rustc=1 cl=0 link=0 clippy-driver=0 ninja=0,1,11550,231,1,42.595,43.699,43.218,43.797,51.714,43.287,43.285,10042.2,1150,86945.3,46.9,0.005,0.203,42.273,41.900,7624,524,624,0,3719143,4762,493,493,8111,8192,318,0,322.0,16100,2.13,1
rtt40,40.0,0,text5date2,100,1,1790399166,cargo=4 rustc=1 cl=0 link=0 clippy-driver=0 ninja=0,1,22900,229,1,42.786,44.391,43.502,44.206,46.065,43.594,43.590,10026.0,2284,43781.6,171.9,0.017,0.751,42.230,42.035,7600,756,792,0,7362077,4728,918,918,8111,8192,318,0,321.5,32149,4.00,1
rtt40,40.0,0,text5date2,250,1,1790399178,cargo=4 rustc=1 cl=0 link=0 clippy-driver=0 ninja=0,1,53500,214,1,43.310,47.831,46.469,47.540,58.334,46.599,46.594,10015.8,5342,18721.1,734.4,0.073,3.432,42.487,42.231,7656,1216,1292,0,17183533,4473,2142,2142,8111,8192,318,0,321.2,80297,10.00,1
rtt40,40.0,0,text5date2,500,1,1790399191,cargo=5 rustc=1 cl=0 link=0 clippy-driver=0 ninja=1,1,96000,192,1,44.495,55.933,51.924,54.191,69.267,52.093,52.073,10046.5,9556,10465.1,1593.8,0.159,8.301,42.462,42.166,7612,2412,2516,0,30824749,4291,3842,3842,8111,8192,318,0,321.1,160546,20.01,1
rtt40,40.0,0,text5date2,1000,1,1790399204,cargo=4 rustc=1 cl=0 link=0 clippy-driver=0 ninja=0,1,100000,100,0,43.155,99.032,70.697,84.985,99.032,72.544,72.276,7297.7,13703,7297.7,2765.6,0.379,27.656,42.765,42.386,7668,3696,4164,0,32106039,2635,4002,4002,8111,8192,318,0,321.1,321060,40.01,1
rtt40,40.0,0,text5date2,2000,1,1790399214,cargo=4 rustc=1 cl=0 link=0 clippy-driver=0 ninja=1,1,96000,48,1,43.068,258.000,200.169,265.974,1015.629,227.649,227.004,10970.3,8751,11427.4,6875.0,0.627,143.229,42.931,42.528,7616,6780,7432,0,30823459,1699,3842,3842,8111,8192,318,0,321.1,642155,80.02,1
rtt40,40.0,0,text5date2,5000,1,1790399228,cargo=4 rustc=1 cl=6 link=1 clippy-driver=0 ninja=1,1,55000,11,1,43.962,1743.146,915.740,1182.923,1743.146,955.782,877.046,10557.6,5210,19195.6,9000.0,0.852,818.182,42.797,42.538,7608,13556,15040,0,17673720,1033,2182,2182,8111,8192,318,0,321.3,1606702,198.27,1
rtt40,40.0,0,text5date2,25,2,1790399241,cargo=4 rustc=1 cl=0 link=0 clippy-driver=0 ninja=0,1,5750,230,1,43.451,43.592,43.372,43.927,44.253,43.395,43.394,10024.6,574,174341.5,31.2,0.003,0.136,42.949,42.325,7608,312,204,0,1857890,4745,299,299,8111,8192,318,0,323.1,8078,1.30,1
rtt40,40.0,0,text5date2,50,2,1790399254,cargo=4 rustc=1 cl=0 link=0 clippy-driver=0 ninja=0,1,11500,230,1,43.869,44.180,43.182,44.058,47.667,43.330,43.326,10010.1,1149,87044.1,31.2,0.003,0.136,42.742,42.181,7608,544,632,0,3703193,4745,491,491,8111,8192,318,0,322.0,16101,2.13,1
rtt40,40.0,0,text5date2,100,2,1790399267,cargo=4 rustc=1 cl=0 link=0 clippy-driver=0 ninja=0,1,22900,229,1,42.654,43.947,43.478,44.220,48.996,43.604,43.603,10028.2,2284,43791.3,171.9,0.017,0.751,42.458,41.854,7604,748,788,0,7362077,4728,918,918,8111,8192,318,0,321.5,32149,4.00,1
rtt40,40.0,0,text5date2,250,2,1790399279,cargo=4 rustc=1 cl=0 link=0 clippy-driver=0 ninja=0,1,54250,217,1,42.633,46.281,45.988,46.805,49.535,46.068,46.067,10039.5,5404,18506.0,515.6,0.051,2.376,42.299,41.920,7608,1304,1288,0,17424327,4524,2172,2172,8111,8192,318,0,321.2,80296,10.00,1
rtt40,40.0,0,text5date2,500,2,1790399291,cargo=4 rustc=1 cl=0 link=0 clippy-driver=0 ninja=0,1,99500,199,1,42.747,55.954,49.928,51.928,55.954,50.210,50.181,10034.8,9916,10085.2,1171.9,0.117,5.889,42.494,41.843,7608,2252,2404,0,31948650,4417,3982,3982,8111,8192,318,0,321.1,160546,20.01,1
rtt40,40.0,0,text5date2,1000,2,1790399303,cargo=4 rustc=1 cl=0 link=0 clippy-driver=0 ninja=0,1,100000,100,0,43.226,83.002,63.424,76.459,83.002,66.060,65.889,6649.4,15039,6649.4,2312.5,0.348,23.125,42.277,42.008,7624,3480,3856,0,32106039,2635,4002,4002,8111,8192,318,0,321.1,321060,40.01,1
rtt40,40.0,0,text5date2,2000,2,1790399312,cargo=4 rustc=1 cl=0 link=0 clippy-driver=0 ninja=0,1,100000,50,0,43.362,194.584,124.665,148.636,194.584,129.773,128.451,6532.1,15309,6532.1,4187.5,0.641,83.750,42.563,41.955,7604,6556,7580,0,32107505,1735,4002,4002,8111,8192,318,0,321.1,642150,80.02,1
rtt40,40.0,0,text5date2,5000,2,1790399321,cargo=4 rustc=1 cl=0 link=0 clippy-driver=0 ninja=0,1,70000,14,1,42.683,977.295,697.865,815.245,977.295,737.107,718.631,10362.2,6755,14803.1,9265.6,0.894,661.830,42.194,41.738,7608,12988,14692,0,22488426,1087,2776,2776,8111,8192,318,0,321.3,1606316,198.21,1
rtt40,40.0,0,text5date2,25,3,1790399334,cargo=4 rustc=1 cl=0 link=0 clippy-driver=0 ninja=0,1,5775,231,1,42.674,43.753,43.191,43.652,45.884,43.191,43.188,10020.0,576,173505.8,31.2,0.003,0.135,42.193,41.682,7604,312,208,0,1865913,4762,300,300,8111,8192,318,0,323.1,8078,1.29,1
rtt40,40.0,0,text5date2,50,3,1790399346,cargo=4 rustc=1 cl=0 link=1 clippy-driver=0 ninja=1,1,11450,229,1,43.252,44.122,43.437,44.136,53.271,43.516,43.514,10008.7,1144,87412.6,140.6,0.014,0.614,42.715,42.112,7616,508,580,0,3687156,4728,489,489,8111,8192,318,0,322.0,16101,2.13,1
rtt40,40.0,0,text5date2,100,3,1790399363,cargo=5 rustc=17 cl=1 link=0 clippy-driver=0 ninja=1,1,15600,156,1,43.842,45.965,50.441,109.950,163.730,63.951,64.067,10020.3,1557,64232.9,281.2,0.028,1.803,45.244,43.992,7584,708,748,0,5015299,3487,626,626,8111,8192,318,0,321.5,32149,4.01,1
rtt40,40.0,0,text5date2,250,3,1790399381,cargo=5 rustc=2 cl=12 link=0 clippy-driver=0 ninja=1,1,45000,180,1,86.933,73.365,49.709,63.612,167.718,55.143,55.041,10012.9,4494,22250.9,593.8,0.059,3.299,45.376,42.787,7616,1220,1256,0,14453602,3895,1802,1802,8111,8192,318,0,321.2,80298,10.01,1
rtt40,40.0,0,text5date2,500,3,1790399395,cargo=5 rustc=1 cl=1 link=1 clippy-driver=0 ninja=1,1,95000,190,1,43.986,60.505,52.331,54.687,92.398,52.650,52.609,10047.7,9455,10576.6,1375.0,0.137,7.237,42.942,42.773,7616,2376,2484,0,30503679,4255,3802,3802,8111,8192,318,0,321.1,160546,20.01,1
rtt40,40.0,0,text5date2,1000,3,1790399408,cargo=5 rustc=3 cl=0 link=0 clippy-driver=0 ninja=1,1,100000,100,0,43.334,93.551,73.787,86.738,103.960,75.339,75.155,7577.3,13197,7577.3,2984.4,0.394,29.844,43.093,42.473,7600,3656,4116,0,32106039,2635,4002,4002,8111,8192,318,0,321.1,321060,40.01,1
rtt40,40.0,0,text5date2,2000,3,1790399425,cargo=8 rustc=3 cl=1 link=0 clippy-driver=0 ninja=2,1,80000,40,1,44.185,313.027,237.741,350.214,471.674,253.741,252.221,10193.9,7848,12742.4,6437.5,0.632,160.938,43.965,43.401,7624,6824,7180,0,25687715,1555,3202,3202,8111,8192,318,0,321.1,642193,80.03,1
rtt40,40.0,0,text5date2,5000,3,1790399444,cargo=8 rustc=3 cl=15 link=0 clippy-driver=0 ninja=1,1,45000,9,1,43.921,1622.393,1046.265,1365.316,1622.393,1123.038,1060.619,10151.3,4433,22558.4,8843.8,0.871,982.639,44.765,43.175,7608,13452,14948,0,14464074,997,1786,1786,8111,8192,318,0,321.4,1607119,198.33,1
rtt40,40.0,0,wide4k,1,1,1790399764,cargo=4 rustc=1 cl=0 link=0 clippy-driver=0 ninja=0,1,231,231,1,43.808,42.402,43.112,43.621,44.652,43.137,43.140,10008.7,23,4332781.4,109.4,0.011,0.473,42.474,41.791,7608,340,240,0,3717423,4410,463,463,8111,8192,318,0,16092.7,16093,2.00,1
rtt40,40.0,0,wide4k,2,1,1790399777,cargo=4 rustc=1 cl=0 link=0 clippy-driver=0 ninja=0,1,462,231,1,42.891,44.041,43.198,43.832,45.199,43.257,43.253,10035.4,46,2172169.7,62.5,0.006,0.271,42.587,42.243,7612,512,552,0,7424028,4410,925,925,8111,8192,318,0,16069.3,32139,4.00,1
rtt40,40.0,0,wide4k,5,1,1790399789,cargo=4 rustc=1 cl=0 link=0 clippy-driver=0 ninja=0,1,1115,223,1,42.711,45.568,44.496,45.601,48.554,44.676,44.672,10005.7,111,897372.2,187.5,0.019,0.841,42.421,41.748,7608,920,1004,0,17901171,4274,2231,2231,8111,8192,318,0,16054.9,80274,10.00,1
rtt40,40.0,0,wide4k,10,1,1790399801,cargo=4 rustc=1 cl=0 link=0 clippy-driver=0 ninja=0,1,2000,200,0,43.166,47.045,46.709,47.836,50.617,46.865,46.864,9416.3,212,470815.3,250.0,0.027,1.250,42.187,41.783,7612,1812,2184,0,32099932,3883,4001,4001,8111,8192,318,0,16050.0,160500,20.00,1
rtt40,40.0,0,wide4k,25,1,1790399813,cargo=4 rustc=1 cl=0 link=0 clippy-driver=0 ninja=0,1,2000,80,0,42.645,56.571,54.245,58.275,60.312,54.874,54.852,4432.6,451,221631.2,703.1,0.159,8.789,42.568,41.883,7620,3528,4204,0,32094142,1843,4001,4001,8111,8192,318,0,16047.1,401177,50.00,1
rtt40,40.0,0,wide4k,50,1,1790399819,cargo=4 rustc=1 cl=0 link=0 clippy-driver=0 ninja=0,1,2000,40,0,43.271,94.928,67.917,93.588,96.979,73.173,72.615,2970.2,673,148512.0,984.4,0.331,24.609,42.565,42.210,7608,5320,5924,0,32091892,1163,3961,3961,8111,8192,318,0,16045.9,802297,99.00,1
rtt40,40.0,0,wide4k,100,1,1790399825,cargo=4 rustc=1 cl=0 link=0 clippy-driver=0 ninja=0,1,2000,20,0,42.345,253.218,160.760,236.490,253.218,175.661,171.579,3555.6,562,177779.4,2500.0,0.703,125.000,42.220,42.047,7612,9508,10948,0,32091118,823,3961,3961,8111,8192,318,0,16045.6,1604556,198.00,1
rtt40,40.0,0,wide4k,250,1,1790399830,cargo=4 rustc=1 cl=0 link=0 clippy-driver=0 ninja=0,1,2000,8,0,42.737,1351.149,982.267,1264.467,1351.149,1029.071,983.060,8275.3,242,413765.9,7562.5,0.914,945.312,42.341,42.130,7616,19616,22576,0,32091132,619,3961,3961,8111,8192,318,0,16045.6,4011392,495.00,1
rtt40,40.0,0,wide4k,1,2,1790399841,cargo=4 rustc=1 cl=0 link=0 clippy-driver=0 ninja=0,1,230,230,1,43.283,43.269,43.216,44.313,48.304,43.384,43.385,10021.9,23,4357327.4,31.2,0.003,0.136,42.404,41.808,7616,308,240,0,3701331,4393,461,461,8111,8192,318,0,16092.7,16093,2.00,1
rtt40,40.0,0,wide4k,2,2,1790399853,cargo=4 rustc=1 cl=0 link=0 clippy-driver=0 ninja=0,1,462,231,1,42.372,43.264,43.176,43.774,44.827,43.200,43.200,10021.9,46,2169239.4,0.0,0.000,0.000,42.821,42.343,7624,476,544,0,7424028,4410,925,925,8111,8192,318,0,16069.3,32139,4.00,1
rtt40,40.0,0,wide4k,5,2,1790399865,cargo=4 rustc=1 cl=0 link=0 clippy-driver=0 ninja=0,1,1115,223,1,42.871,45.249,44.804,45.494,46.147,44.807,44.805,10035.0,111,899995.9,140.6,0.014,0.631,42.323,42.094,7616,956,1176,0,17901171,4274,2231,2231,8111,8192,318,0,16054.9,80274,10.00,1
rtt40,40.0,0,wide4k,10,2,1790399878,cargo=4 rustc=1 cl=0 link=0 clippy-driver=0 ninja=0,1,2000,200,0,43.140,48.344,47.944,49.259,60.974,48.113,48.112,9666.0,207,483301.1,390.6,0.040,1.953,42.557,42.066,7604,1752,1940,0,32099932,3883,4001,4001,8111,8192,318,0,16050.0,160500,20.00,1
rtt40,40.0,0,wide4k,25,2,1790399890,cargo=4 rustc=1 cl=1 link=0 clippy-driver=0 ninja=1,1,2000,80,0,43.892,57.688,56.571,61.284,65.383,57.040,57.032,4607.2,434,230359.5,640.6,0.139,8.008,42.372,42.162,7616,3352,3736,0,32094142,1843,4001,4001,8111,8192,318,0,16047.1,401177,50.00,1
rtt40,40.0,0,wide4k,50,2,1790399897,cargo=4 rustc=1 cl=0 link=0 clippy-driver=0 ninja=0,1,2000,40,0,42.800,94.518,78.618,94.518,105.212,80.020,79.648,3243.7,617,162182.9,1281.2,0.395,32.031,42.191,41.999,7624,5356,6016,0,32091892,1163,3961,3961,8111,8192,318,0,16045.9,802297,99.00,1
rtt40,40.0,0,wide4k,100,2,1790399903,cargo=4 rustc=1 cl=0 link=0 clippy-driver=0 ninja=0,1,2000,20,0,43.081,291.759,185.519,267.332,291.759,199.671,194.824,4036.5,495,201826.2,3000.0,0.743,150.000,42.695,42.010,7608,9572,11196,0,32091118,823,3961,3961,8111,8192,318,0,16045.6,1604556,198.00,1
rtt40,40.0,0,wide4k,250,2,1790399909,cargo=4 rustc=1 cl=0 link=0 clippy-driver=0 ninja=0,1,2000,8,0,42.879,1332.219,923.892,1182.398,1332.219,991.865,943.243,7977.8,251,398890.7,7328.1,0.919,916.016,42.380,41.988,7600,19632,22548,0,32091132,619,3961,3961,8111,8192,318,0,16045.6,4011392,495.00,1
rtt40,40.0,0,wide4k,1,3,1790399919,cargo=4 rustc=1 cl=0 link=0 clippy-driver=0 ninja=0,1,232,232,1,43.054,43.123,42.937,43.487,47.800,42.986,42.985,10016.0,23,4317234.1,62.5,0.006,0.269,42.318,41.804,7612,472,516,0,3733515,4427,465,465,8111,8192,318,0,16092.7,16093,2.00,1
rtt40,40.0,0,wide4k,2,3,1790399932,cargo=4 rustc=1 cl=0 link=0 clippy-driver=0 ninja=0,1,462,231,1,43.634,43.231,43.191,43.651,44.949,43.223,43.223,10028.4,46,2170646.8,93.8,0.009,0.406,42.314,41.976,7616,480,544,0,7424028,4410,925,925,8111,8192,318,0,16069.3,32139,4.00,1
rtt40,40.0,0,wide4k,5,3,1790399944,cargo=4 rustc=1 cl=0 link=0 clippy-driver=0 ninja=0,1,1115,223,1,42.518,45.052,44.618,45.411,46.216,44.658,44.656,10001.4,111,896983.7,140.6,0.014,0.631,42.323,42.040,7604,940,1176,0,17901171,4274,2231,2231,8111,8192,318,0,16054.9,80274,10.00,1
rtt40,40.0,0,wide4k,10,3,1790399956,cargo=4 rustc=1 cl=0 link=0 clippy-driver=0 ninja=0,1,2000,200,0,43.428,47.501,46.755,47.995,49.122,46.885,46.882,9420.6,212,471029.5,468.8,0.050,2.344,42.328,41.820,7608,1664,1932,0,32099932,3883,4001,4001,8111,8192,318,0,16050.0,160500,20.00,1
rtt40,40.0,0,wide4k,25,3,1790399968,cargo=4 rustc=1 cl=0 link=0 clippy-driver=0 ninja=0,1,2000,80,0,42.652,56.153,56.153,60.145,68.484,56.465,56.469,4559.9,439,227996.0,828.1,0.182,10.352,42.360,41.772,7604,3152,4260,0,32094142,1843,4001,4001,8111,8192,318,0,16047.1,401177,50.00,1
rtt40,40.0,0,wide4k,50,3,1790399975,cargo=4 rustc=1 cl=0 link=0 clippy-driver=0 ninja=0,1,2000,40,0,43.290,91.100,72.891,92.016,103.705,75.858,75.468,3077.7,650,153883.5,1187.5,0.386,29.688,42.270,41.960,7608,4900,5568,0,32091892,1163,3961,3961,8111,8192,318,0,16045.9,802297,99.00,1
rtt40,40.0,0,wide4k,100,3,1790399980,cargo=4 rustc=1 cl=0 link=0 clippy-driver=0 ninja=0,1,2000,20,0,43.216,239.485,166.110,239.485,262.375,173.781,170.323,3518.9,568,175943.4,2453.1,0.697,122.656,42.251,42.091,7608,9608,11720,0,32091118,823,3961,3961,8111,8192,318,0,16045.6,1604556,198.00,1
rtt40,40.0,0,wide4k,250,3,1790399986,cargo=4 rustc=1 cl=0 link=0 clippy-driver=0 ninja=0,1,2000,8,0,42.684,1338.961,897.077,1148.728,1338.961,976.675,924.919,7856.1,255,392804.8,7187.5,0.915,898.438,42.245,41.884,7616,20808,23212,0,32091132,619,3961,3961,8111,8192,318,0,16045.6,4011392,495.00,1
